gene	uniprotId	AND	OR
['ABCC5', 'MRP5']	['O15440', 'B9EIQ2', 'O14517', 'Q29ZA9', 'Q29ZB1', 'Q86UX3', 'Q86W30', 'Q9UN85', 'Q9UNP5', 'Q9UQC3']	[]	[]
['G3BP1', 'G3BP']	['Q13283', 'Q5HYE9']	['3', 's']	[]
['DKFZp686L1159', 'G3BP', 'hCG_39146']	['Q5U0Q1']	[]	[]
[]	['Q6ZP53']	[]	[]
['SLC25A13', 'ARALAR2']	['Q9UJS0', 'O14566', 'O14575', 'Q546F9', 'Q9NZW1', 'Q9UNI7']	[]	['SLC25A12']
['SLC25A15', 'ORC1', 'ORNT1', 'SP1855']	['Q9Y619', 'Q5VZD8', 'Q9HC45']	[]	['SLC25A2']
[]	['O75414', 'B4DGW7', 'B4DM99', 'Q53HM5', 'Q96E73', 'Q9BQ63']	[]	['NME1-NME2', 'NME4', 'NME3', 'NME2', 'NME1', 'NME7']
['DDX39A', 'DDX39']	['O00148', 'B1Q2N1', 'Q8N5M0', 'Q9BVP6', 'Q9H5W0']	['DDX39B', 's']	[]
['AK6', 'CINAP', 'AD-004', 'CGI-137']	['Q9Y3D8', 'A8MSZ6', 'Q5F2S9']	['s']	[]
['ZMPSTE24', 'FACE1', 'STE24']	['O75844', 'B3KQI7', 'D3DPU7', 'Q8NDZ8', 'Q9UBQ2']	[]	[]
['SLC25A17', 'PMP34']	['O43808', 'A8KA59', 'Q5TFL0', 'Q9UGW8', 'Q9UGY7']	['SLC25A17', 's']	[]
['SLC9A6', 'KIAA0267', 'NHE6']	['Q92581', 'A6NIQ9', 'A8K160', 'B4DU30', 'B7ZAE0', 'Q3ZCW7', 'Q5JPP8', 'Q5JPP9', 'Q86VS0']	[]	['SLC9A7']
[]	['Q92841', 'B1AHM0', 'H3BLZ8', 'Q69YT1', 'Q6ICD6']	['a', 's', 'DDX17']	[]
[]	['O95436', 'A5PL17', 'Q8N2K2', 'Q8WYA9', 'Q9P0V7']	[]	['SLC34A1', 'SLC34A3']
['PAICS', 'ADE2', 'AIRC', 'PAIS']	['P22234', 'E9PDH9', 'Q68CQ5']	[]	[]
['PMVK', 'PMKI']	['Q15126', 'Q5TZW9']	[]	[]
['PMVK', 'hCG_1739272']	['Q6FGV9', 'D3DV77']	[]	[]
[]	['Q15125', 'Q6FGL3', 'Q6IBI9']	[]	[]
['EBP', 'hCG_19812']	['A0A024QYX0']	[]	[]
['SLC17A3', 'NPT4']	['O00476', 'B7WNJ5', 'B7Z511', 'Q8WWC7', 'Q9H533']	[]	['SLC17A2']
['SLC17A3', 'hCG_19117']	['A0A024QZX7']	[]	['SLC17A2']
['MTHFD2', 'NMDMC']	['P13995', 'Q53G90', 'Q53GV5', 'Q53S36', 'Q7Z650']	[]	['MTHFD2L']
['CFTR', 'ABCC7']	['P13569', 'Q20BG8', 'Q20BH2', 'Q2I0A1', 'Q2I102']	['CFTR', '1', 's']	[]
['CFTR', 'hCG_15952']	['A0A024R730']	[]	[]
['RUVBL2', 'INO80J', 'TIP48', 'TIP49B', 'CGI-46']	['Q9Y230', 'B3KQ59', 'E7ETE5', 'Q6FIB9', 'Q6PK27', 'Q9Y361']	['Q9Y265', 'RUVBL2', 'RUVBL1', 's', 'a', 'catalytic']	[]
['SERINC3', 'DIFF33', 'TDE1', 'SBBI99']	['Q13530', 'B4DUE9', 'O43717', 'Q9BR33']	[]	[]
['ASCC3', 'HELIC1']	['Q8N3C0', 'E7EW23', 'O43738', 'Q4G1A0', 'Q5VTN2', 'Q9H1I9', 'Q9H5A2', 'Q9NTR0']	['1', 's']	[]
[]	['B4DR60']	[]	[]
['SLC38A3', 'G17', 'NAT1', 'SN1', 'SNAT3']	['Q99624', 'B2R8Q0', 'Q6IB34']	[]	[]
['SDS', 'SDH']	['P20132', 'A8K9P5']	[]	['SDSL']
[]	['Q8WW81']	[]	['SDSL']
['SLC27A5', 'ACSB', 'ACSVL6', 'FACVL3', 'FATP5']	['Q9Y2P5', 'B3KVP6', 'B4DPQ1']	[]	[]
['SLC27A4', 'ACSVL4', 'FATP4']	['Q6P1M0', 'A8K2F7', 'O95186', 'Q96G53']	[]	['SLC27A1']
['SLC27A4', 'hCG_2039405']	['A0A024R8D2']	[]	['SLC27A1']
['SLC27A3', 'ACSVL3', 'FATP3', 'PSEC0067', 'UNQ367/PRO703']	['Q5K4L6', 'Q5VUQ7', 'Q5VUQ8', 'Q5VUR3', 'Q6ZV16', 'Q8N2X7', 'Q8TEJ0', 'Q96SW5', 'Q9BTJ5', 'Q9BTY5']	[]	[]
['SLC27A3', 'hCG_19279']	['X6R3N0']	[]	[]
['SLC27A2', 'ACSVL1', 'FACVL1', 'FATP2', 'VLACS']	['O14975', 'A8K2J7', 'Q53FY6', 'Q6PF09']	[]	[]
[]	['O14646', 'Q17RZ3']	['s']	[]
[]	['B3KT33']	[]	[]
[]	['O14647', 'C6G482', 'Q96IP5']	['s']	[]
[]	['Q12873', 'D3DTQ9', 'E9PG89', 'Q9Y4I0']	['CHD3', 'CHD4', 'Q14839', 's']	[]
[]	['B3KWV4']	[]	[]
[]	['Q2TAZ1']	[]	[]
[]	['Q14839', 'Q8IXZ5']	['CHD3', 'Q12873', 's', 'a', 'CHD4']	[]
['SLC7A9', 'BAT1']	['P82251', 'B2R9A6']	['s']	[]
['SLC2A6', 'GLUT6']	['Q9UGQ3', 'A6NNU6', 'Q5SXD7', 'Q8NCC2']	[]	[]
['DDX20', 'DP103', 'GEMIN3']	['Q9UHI6', 'B4DWV7', 'Q96F72', 'Q9NVM3', 'Q9UF59', 'Q9UIY0', 'Q9Y659']	['DDX20', 's']	[]
[]	['Q9H4N4']	[]	[]
[]	['Q9Y2D0', 'A8K4T5']	[]	['CA9', 'CA7', 'CA6', 'CA5A', 'CA3', 'CA1', 'CA13']
['CA5B', 'hCG_1982002']	['A0A024RBW9']	[]	['CA9', 'CA7', 'CA6', 'CA5A', 'CA3', 'CA1', 'CA13']
['DDX19B', 'DBP5', 'DDX19', 'TDBP']	['Q9UMR2', 'B3KNE9', 'B4DXS6', 'E7EMK4', 'Q6FIB7', 'Q6IAE0', 'Q96KE7', 'Q9H0U0']	['a', 's']	['DDX19A']
[]	['A0A0U4B4U6']	[]	['DDX19A']
['SLCO2B1', 'KIAA0880', 'OATP2B1', 'OATPB', 'SLC21A9']	['O94956', 'A8K2G9', 'B4DGA9', 'B4DTB0', 'E7ERN5', 'E9PPU8', 'Q9H2Z0', 'Q9UFU1']	[]	[]
['SLCO2B1', 'hCG_27402']	['A0A024R5I4']	[]	[]
['SLC46A1', 'HCP1', 'PCFT']	['Q96NT5', 'Q1HE20', 'Q86T92', 'Q8TEG3', 'Q96FL0']	[]	[]
['HCP1', 'hCG_31812']	['A0A024QZ15']	[]	[]
[]	['Q86XP3', 'A6NML1', 'A8KA43', 'O75619', 'Q68G51', 'Q96BK1', 'Q96HR7', 'Q9Y3V8']	['s']	[]
['HELQ', 'HEL308']	['Q8TDG4', 'Q05DF9', 'Q502W9', 'Q659B8', 'Q6ZQX4', 'Q6ZTS4', 'Q96EX7']	['s']	[]
[]	['Q96GA7']	[]	['SDS']
['SDSL', 'hCG_40375']	['A0A024RBL2']	[]	['SDS']
[]	['Q96QE2', 'Q17S07']	[]	[]
['SLC25A25', 'APC3', 'KIAA1896', 'MCSC3', 'SCAMC2', 'UNQ549/PRO1106']	['Q6KCM7', 'Q5SYW7', 'Q5SYW8', 'Q5SYX3', 'Q5VWU2', 'Q5VWU3', 'Q5VWU4', 'Q6KCM4', 'Q6KCM6', 'Q6UX48', 'Q705K2', 'Q96PZ1', 'Q9BSA6']	[]	['SLC25A23', 'SLC25A24']
['ACSM1', 'BUCS1', 'LAE', 'MACS1']	['Q08AH1', 'Q08AH2', 'Q96A20']	[]	[]
[]	['B2RAP4']	[]	[]
[]	['P51793', 'A1L3U1', 'B7Z5Z4', 'Q9UBU1']	['s']	[]
['SLC36A4', 'PAT4']	['Q6YBV0', 'Q86X30', 'Q8IVM5', 'Q8N8S6']	[]	['SLC36A3', 'SLC36A1', 'SLC36A2']
['SLC15A4', 'PHT1', 'PTR4', 'FP12591']	['Q8N697', 'A6H8Y9', 'B3KTK1', 'Q71M34', 'Q7Z5F8', 'Q8TAH0']	['s']	['SLC15A3']
['TDRD9', 'C14orf75']	['Q8NDG6', 'A1A4S7', 'Q6ZU54', 'Q8N7T3', 'Q8N827', 'Q8N9V5', 'Q96AS9']	['DDX4', 'MOV10L1', 's']	[]
[]	['Q86WA0']	[]	[]
[]	['Q96M32', 'Q8IYP6']	[]	[]
['ADSS1', 'ADSSL1']	['Q8N142', 'Q86TT6', 'Q8N714']	[]	['ADSS2']
['SLC25A29', 'C14orf69', 'ORNT3']	['Q8N8R3', 'A3KMR5', 'Q541V0']	[]	[]
['ABCC2', 'CMOAT', 'CMOAT1', 'CMRP', 'MRP2']	['Q92887', 'B2RMT8', 'Q14022', 'Q5T2B1', 'Q92500', 'Q92798', 'Q99663', 'Q9UMS2']	[]	[]
['SLC38A10', 'PP1744']	['Q9HBR0', 'Q6ZRC5', 'Q8NA99', 'Q96C66']	[]	[]
['SLC5A10', 'SGLT5']	['A0PJK1', 'A8MUC9', 'B4DPI0', 'B7WPR4', 'Q6P5X0', 'Q8IXM4', 'Q96LQ1']	[]	[]
[]	['Q6YFQ2', 'Q7L1R4', 'Q96DL5']	['3', '2', 'COX5B', 'MT-CO3', 'COX5A', 'a', 'MT-CO2', 'COX7A2', 'COX6A2', 'COX7A1', 'COX8A', 'COX4I2', '1', 'COX4I1', 'COX7C', 's', 'MT-CO1', 'catalytic', 'COX6B2']	[]
['CPT1C', 'CATL1']	['Q8TCG5', 'A8K0Z8', 'Q5K6N5', 'Q8N6Q9', 'Q8NDS6', 'Q8TE84']	['4', 'a', 's']	[]
['CPT1C', 'hCG_2039825']	['B3KU49']	[]	[]
['CPT1C', 'hCG_2039825']	['A0A024QZE3']	[]	[]
['ATP6V1G3', 'ATP6G3']	['Q96LB4', 'Q495K2', 'Q495K4', 'Q5T9L6']	['ATP6V0D1', 'ATP6V1B2', 'ATP6V1B1', 'ATP6V1E1', 'ATP6V1C2', 'ATP6V1H', 'ATP6V1D', 's', 'ATP6V1F', 'a', 'catalytic', 'd']	['ATP6V1G1']
[]	['Q5EBM0', 'A2RUB0', 'A5D8T2', 'B7ZM18', 'Q6ZRU2', 'Q96AL8']	[]	[]
['COX4I1', 'COX4']	['P13073', 'B2R4J2', 'D3DUM7', 'Q6P666']	['COX5B', 'P00395', 'COX7A1', 'P15954', 's', 'P10606', 'P00403', 'catalytic', '3', '2', 'MT-CO3', '1', 'MT-CO1', 'COX6B2', 'a', 'P14406', 'MT-CO2', 'COX6A2', 'COX4I2', 'COX4I1', 'P10176', 'P00414', 'COX5A', 'COX7A2', 'P20674', 'COX7C', 'COX8A']	['COX4I2']
[]	['Q86WV2']	[]	['COX4I2']
[]	['P10606', 'Q53YB7', 'Q96J18', 'Q99610']	['COX5B', 'P00395', 'P15954', 's', 'catalytic', 'P00403', '3', '2', 'MT-CO3', '1', 'MT-CO1', 'P14406', 'MT-CO2', 'COX8A', 'P13073', 'COX4I1', 'P10176', 'P00414', 'COX5A', 'COX7A2', 'P20674', 'COX7C', 'a']	[]
[]	['A0A384NL93']	[]	[]
['SLC9B2', 'NHA2', 'NHEDC2']	['Q86UD5', 'B5ME52', 'Q6ZMD8', 'Q96D95']	[]	['SLC9B1']
[]	['B7Z488']	[]	['SLC9B1']
['LOC133308', 'hCG_1777475']	['A0A024RDJ7']	[]	['SLC9B1']
['COX6A2', 'COX6A', 'COX6AH']	['Q02221', 'O00761', 'Q6GTW6']	['3', '2', 'COX5B', 'MT-CO3', 'COX5A', 'a', 'MT-CO2', 'COX7A2', 'COX6A2', 'COX7A1', 'COX8A', 'COX4I2', '1', 'COX4I1', 'COX7C', 's', 'MT-CO1', 'catalytic', 'COX6B2']	[]
['COX7A1', 'COX7AH']	['P24310']	['3', '2', 'COX5B', 'MT-CO3', 'COX5A', 'a', 'MT-CO2', 'COX7A2', 'COX6A2', 'COX7A1', 'COX8A', 'COX4I2', '1', 'COX4I1', 'COX7C', 's', 'MT-CO1', 'catalytic', 'COX6B2']	['COX7A2']
[]	['Q6FGI7']	[]	['COX7A2']
['COX7A2', 'COX7AL']	['P14406', 'B2R5E1', 'Q3MIH5', 'Q5TF59', 'Q6FGI2']	['COX5B', 'P00395', 'P15954', 's', 'P10606', 'catalytic', 'P00403', '3', '2', 'MT-CO3', '1', 'MT-CO1', 'MT-CO2', 'COX8A', 'P13073', 'COX4I1', 'P10176', 'P00414', 'COX5A', 'COX7A2', 'P20674', 'COX7C', 'a']	['COX7A1']
['COX7A2', 'hCG_17987']	['H0UI06']	[]	['COX7A1']
['ADORA2A', 'ADORA2']	['P29274', 'B2R7E0']	['s']	[]
[]	['B3KVQ4']	[]	[]
[]	['X5DNB4']	[]	[]
[]	['P15954', 'Q6NR81']	['COX5B', 'P00395', 's', 'P10606', 'catalytic', 'P00403', '3', '2', 'MT-CO3', '1', 'MT-CO1', 'P14406', 'MT-CO2', 'COX8A', 'P13073', 'COX4I1', 'P10176', 'P00414', 'COX5A', 'COX7A2', 'P20674', 'COX7C', 'a']	[]
['COX8A', 'COX8', 'COX8L']	['P10176', 'P15955']	['COX5B', 'P00395', 'P15954', 's', 'P10606', 'catalytic', 'P00403', '3', '2', 'MT-CO3', '1', 'MT-CO1', 'P14406', 'MT-CO2', 'COX8A', 'P13073', 'COX4I1', 'P00414', 'COX5A', 'COX7A2', 'P20674', 'COX7C', 'a']	['COX8C']
['COX8A', 'COX8', 'hCG_27157']	['Q53XN1']	[]	['COX8C']
[]	['P31327', 'B7Z818', 'J3KQL0', 'O43774', 'Q53TL5', 'Q59HF8', 'Q7Z5I5']	[]	[]
[]	['Q6PEK7']	[]	[]
[]	['Q8NHS2', 'A8MWL4']	[]	['GOT1']
['CPT1A', 'CPT1']	['P50416', 'Q8TCU0', 'Q9BWK0']	[]	[]
['CPT1A', 'hCG_2039450']	['A0A024R5F4']	[]	[]
[]	['Q8WZ48']	[]	[]
[]	['B2RAQ8']	[]	[]
['CPT1B', 'KIAA1670']	['Q92523', 'B7Z4U4', 'B7Z5T8', 'E9PCP2', 'Q13389', 'Q99655', 'Q9BY90']	[]	[]
[]	['A0A024R4W7']	[]	[]
[]	['Q53FV7']	[]	[]
[]	['A5PLL0']	[]	[]
['CPT2', 'CPT1']	['P23786', 'B2R6S0', 'Q5SW68', 'Q9BQ26']	[]	[]
[]	['A0A140VK13']	[]	[]
['SLC32A1', 'VGAT', 'VIAAT']	['Q9H598', 'Q8N489']	[]	[]
['SLC34A3', 'NPT2C', 'NPTIIC']	['Q8N130', 'A2BFA1']	[]	['SLC34A1', 'SLC34A2']
[]	['O75390', 'Q71UT9', 'Q7KZH0', 'Q96FZ8', 'Q9BWN8']	[]	[]
['CS', 'hCG_2016169']	['A0A024RB75']	[]	[]
['SLC2A14', 'GLUT14']	['Q8TDB8', 'B3KVB5', 'B3KWW7', 'B7Z844', 'B7ZAC3', 'Q6UY84', 'Q8TDB9']	[]	[]
['SLC38A6', 'NAT1', 'SNAT6']	['Q8IZM9', 'C9JWA6', 'Q86SY5']	[]	[]
[]	['A6NNN8']	[]	['SLC38A7']
['SLC25A10', 'DIC']	['Q9UBX3', 'Q542Z3', 'Q96BA1', 'Q96IP1']	[]	[]
[]	['A0A0S2Z382']	[]	[]
[]	['O60931', 'D3DTJ5', 'Q8IZ01', 'Q9UNK6']	[]	[]
[]	['A0A0S2Z3K3']	[]	[]
['SLC9B1', 'NHA1', 'NHEDC1']	['Q4ZJI4', 'A1KXV1', 'B9EH04', 'C9JBP7', 'Q49A30', 'Q8NCV2', 'Q8WVZ0']	[]	['SLC9B2']
['CTPS1', 'CTPS']	['P17812', 'B4DR64', 'D3DPW1', 'Q5VW67', 'Q96GK6']	[]	['CTPS2']
['SLC38A11', 'AVT2']	['Q08AI6', 'B4DF99', 'Q8N887']	[]	[]
['SLC16A14', 'MCT14']	['Q7RTX9', 'A8KA08', 'Q53R92', 'Q96NI7']	[]	[]
['SLC38A9', 'URLC11']	['Q8NBW4', 'A0A0A8K8P2', 'B3KXV1', 'B7Z7D0', 'Q0P5S0', 'Q6MZJ8']	['s']	[]
['FLJ90709', 'hCG_40989']	['A0A024QZR9']	[]	[]
['SLC36A2', 'PAT2', 'TRAMD1']	['Q495M3', 'Q495M4', 'Q495M6', 'Q6ZWK5', 'Q7Z6B5']	[]	['SLC36A3', 'SLC36A1', 'SLC36A4']
['SLC2A12', 'GLUT12']	['Q8TD20', 'B3KV17', 'Q7Z6U3', 'Q96MR8']	[]	[]
['SLC7A13', 'AGT1', 'XAT2']	['Q8TCU3', 'Q05C37', 'Q08AH9', 'Q96N84']	[]	[]
['ADSL', 'AMPS']	['P30566', 'B0QY76', 'O75495', 'Q5TI34']	[]	[]
['ADSL', 'hCG_40060']	['X5D8S6']	[]	[]
['AK8', 'C9orf98']	['Q96MA6', 'A8K821', 'Q8N9W9']	[]	[]
['ADSS2', 'ADSS']	['P30520', 'B1AQM5', 'Q96EG7']	[]	['ADSS1']
['ADSS', 'ADSS2', 'hCG_15389']	['A0A024R5Q7', 'A0A384MEI4']	[]	['ADSS1']
['SLC5A12', 'SMCT2']	['Q1EHB4', 'Q86UC7']	[]	['SLC5A8']
['SLC5A8', 'AIT', 'SMCT', 'SMCT1']	['Q8N695', 'Q2TB99', 'Q7Z2H9']	[]	['SLC5A12']
['SLC16A11', 'MCT11']	['Q8NCK7']	['2', 's']	[]
['HFM1', 'SEC3D1']	['A2PYH4', 'B1B0B6', 'Q8N9Q0']	[]	[]
[]	['Q92499', 'B4DME8', 'B4DPN6']	['s']	[]
['DDX1', 'hCG_15914']	['A3RJH1']	[]	[]
['DDX3X', 'DBX', 'DDX3']	['O00571', 'A8K538', 'B4E3E8', 'O15536']	['3', 's']	[]
['DDX5', 'G17P1', 'HELR', 'HLR1']	['P17844', 'B4DLW8', 'B5BU21', 'D3DU32', 'E7ETL9', 'O75681', 'Q53Y61']	['a', 'DHX15', 's']	[]
[]	['Q8TE96', 'Q6B017', 'Q8NAM8']	[]	[]
['DDX6', 'HLR2', 'RCK']	['P26196', 'Q5D048']	['a', 'NHL', 's']	[]
[]	['B2R858']	[]	[]
['DHX8', 'DDX8']	['Q14562']	['s']	[]
[]	['Q05CV4']	[]	[]
[]	['Q86YB2']	[]	[]
['DHX9', 'DDX9', 'LKP', 'NDH2']	['Q08211', 'B2RNV4', 'Q05CI5', 'Q12803', 'Q32Q22', 'Q5VY62', 'Q6PD69', 'Q99556']	['3', 'beta', 'DDX3X', '1', 'WRN', 's', 'a', 'DHX9', 'alpha']	[]
[]	['B3KU66']	[]	[]
[]	['Q13206', 'B2RCQ3', 'Q5BJD8']	[]	[]
['DDX11', 'CHL1', 'CHLR1', 'KRG2']	['Q96FC9', 'Q13333', 'Q86VQ4', 'Q86W62', 'Q92498', 'Q92770', 'Q92998', 'Q92999']	['regulatory', '1', 's']	[]
['SPATA5', 'AFG2', 'SPAF']	['Q8NB90', 'C9JT97', 'Q86XW1', 'Q8NI20', 'Q8TDL7']	['a', 's']	[]
['DHX15', 'DBP1', 'DDX15']	['O43143', 'Q9NQT7']	['a', 's']	[]
[]	['P59665', 'P11479', 'Q14125', 'Q6EZF6']	['s']	['DEFA1B']
['DDX53', 'CAGE']	['Q86TM3', 'Q0D2N2', 'Q6NVV4']	[]	[]
['DHX36', 'DDX36', 'KIAA1488', 'MLEL1', 'RHAU']	['Q9H2U1', 'B2RB00', 'Q70JU3', 'Q8IYE5', 'Q9P240']	['DDX1', 's', 'DDX21', 'a', 'DHX36']	[]
[]	['Q8TF08', 'Q32Q40']	['3', '2', '1', 's', 'a', 'catalytic']	[]
[]	['Q02127', 'A8K8C8', 'Q6P176']	[]	[]
['DNA2', 'DNA2L', 'KIAA0083']	['P51530', 'Q2NKM1', 'Q5TC49', 'Q5TC50', 'Q6P455', 'Q6PI80', 'Q7Z6H9', 'Q8N346']	['s', 'BLM']	[]
['AGER', 'RAGE']	['Q15109', 'A2BFI7', 'A6NKF0', 'A7Y2U9', 'B0V176', 'Q15279', 'Q3L1R4', 'Q3L1R5', 'Q3L1R6', 'Q3L1R7', 'Q3L1R8', 'Q3L1S0', 'Q86SN1', 'Q9H2X7', 'Q9Y3R3', 'V5R6A3']	['s']	[]
[]	['A0A1U9X785']	[]	[]
[]	['B4DNX3']	[]	[]
['TOR1A', 'DQ2', 'DYT1', 'TA', 'TORA']	['O14656', 'B2RB58', 'Q53Y64', 'Q96CA0']	['TOR1A', 's']	['TOR1B']
[]	['B3KPA1']	[]	['TOR1B']
['EIF4A1', 'DDX2A', 'EIF4A']	['P60842', 'B2R6L8', 'D3DTP9', 'J3QLC4', 'P04765', 'Q5U018', 'Q61516']	['EIF4A1', 's']	['EIF4A2']
['EIF4A2', 'DDX2B', 'EIF4F']	['Q14240', 'D3DNU9', 'Q53XJ6', 'Q96B90', 'Q96EA8']	['EIF4A2', '1', 's']	['EIF4A1']
['SLC5A9', 'SGLT4']	['Q2M3M2', 'B3KY87', 'B7ZL45', 'B7ZL47', 'E9PAK4', 'E9PJ08', 'Q5TET3']	[]	[]
['SLC16A13', 'MCT13']	['Q7RTY0', 'A3KMG3', 'A5PKU5', 'Q2VP92']	[]	[]
['ENO1', 'ENO1L1', 'MBPB1', 'MPB1']	['P06733', 'B2RD59', 'P22712', 'Q16704', 'Q4TUS4', 'Q53FT9', 'Q53HR3', 'Q658M5', 'Q6GMP2', 'Q71V37', 'Q7Z3V6', 'Q8WU71', 'Q96GV1', 'Q9BT62', 'Q9UCH6', 'Q9UM55']	['PGAM2', '3', 'beta', 'ENO1', 'ENO4', 's', '1', 'gamma', 'alpha']	['ENO4', 'ENO3', 'ENO2']
['HEL-S-17', 'ENO1', 'hCG_22399']	['A0A024R4F1', 'A0A0K0K1K8']	[]	['ENO4', 'ENO3', 'ENO2']
[]	['P09104', 'B7Z2X9', 'Q96J33']	['3', 'beta', 'gamma', 'alpha']	['ENO4', 'ENO3', 'ENO1']
['ENO2', 'HEL-S-279', 'hCG_25937']	['Q6FHV6']	[]	['ENO4', 'ENO3', 'ENO1']
[]	['P13929', 'B4DUI6', 'B4DUM6', 'D3DTL2', 'E7ENK8', 'Q96AE2']	['3', 'beta', 's', 'gamma', 'alpha']	['ENO4', 'ENO2', 'ENO1']
[]	['P00568', 'Q9BVK9', 'Q9UQC7']	[]	[]
['AK1', 'HTL-S-58j', 'hCG_2039407']	['Q6FGX9']	[]	[]
['SLC29A1', 'ENT1']	['Q99808', 'B3KQV7', 'B3KQY5', 'Q5T9W9', 'Q9UJY2']	[]	['SLC29A3', 'SLC29A2']
['AK2', 'ADK2']	['P54819', 'A8K6L1', 'B4DHH7', 'B4DL64', 'Q16856', 'Q5EB54', 'Q5TIF7', 'Q8TCY2', 'Q8TCY3']	[]	[]
[]	['A0A140VK93']	[]	[]
['AK4', 'AK3', 'AK3L1']	['P27144', 'B2R927', 'D3DQ62', 'Q6IBH4', 'Q6NXQ5', 'Q8IUU9']	['s']	[]
['SLC36A1', 'PAT1']	['Q7Z2H8', 'C9JI34', 'Q1LZ56', 'Q7Z7C0', 'Q86YK4', 'Q96M74']	[]	['SLC36A3', 'SLC36A2', 'SLC36A4']
['ERCC2', 'XPD', 'XPDC']	['P18074', 'Q2TB78', 'Q2YDY2', 'Q7KZU6', 'Q8N721']	['ERCC3', 's']	[]
['ERCC3', 'XPB', 'XPBC']	['P19447', 'Q53QM0']	['ERCC2', 's']	[]
['ABCD1', 'ALD']	['P33897', 'Q6GTZ2']	['ABCD1', 's']	[]
['ACSL3', 'ACS3', 'FACL3', 'LACS3']	['O95573', 'Q60I92', 'Q8IUM9']	[]	['ACSL4']
['ACSL3', 'hCG_21017']	['A0A024R487']	[]	['ACSL4']
['ACSL4', 'ACS4', 'FACL4', 'LACS4']	['O60488', 'D3DUY2', 'O60848', 'O60849', 'Q5JWV8']	[]	['ACSL3']
['FASN', 'FAS']	['P49327', 'Q13479', 'Q16702', 'Q4LE83', 'Q6P4U5', 'Q6SS02', 'Q969R1', 'Q96C68', 'Q96IT0']	['fatty', 's']	[]
['FBP1', 'FBP']	['P09467', 'O75571', 'Q53F94', 'Q96E46']	[]	['FBP2']
['SLC16A9', 'C10orf36', 'MCT9']	['Q7RTY1', 'Q6ZMI2', 'Q9UFH8']	[]	[]
['AK9', 'AKD1', 'AKD2', 'C6orf199', 'C6orf224']	['Q5TCS8', 'A6NL75', 'B2RDJ0', 'B6ZDM7', 'Q3MIS4', 'Q5I0W8', 'Q6ZNF1', 'Q6ZVR7', 'Q8N7C6', 'Q8WW00', 'Q96NF4']	[]	[]
['PRPS1L1', 'PRPS3', 'PRPSL']	['P21108', 'Q6P5P6']	['3', 'a']	['PRPS2', 'PRPS1']
['FDPS', 'FPS', 'KIAA1293']	['P14324', 'D3DV91', 'E9PCI9', 'Q96G29']	['1', 's']	[]
['ABCD2', 'ALD1', 'ALDL1', 'ALDR', 'ALDRP']	['Q9UBJ2', 'B2RAM3', 'Q13210', 'Q2M3H9']	['s']	[]
['ALDOA', 'ALDA']	['P04075', 'B4DXI7', 'Q6FH76', 'Q6FI10', 'Q96B15', 'Q9BWD9', 'Q9UCN2']	['FBP2', '2', 's']	['ALDOC', 'ALDOB']
['HEL-S-87p', 'ALDOA', 'hCG_1811258']	['V9HWN7']	[]	['ALDOC', 'ALDOB']
[]	['P07954', 'B1ANK7']	['s']	[]
[]	['A0A0S2Z4C3']	[]	[]
['MORC2', 'KIAA0852', 'ZCWCC1']	['Q9Y6X9', 'B2RNB1', 'Q9UF28', 'Q9Y6V2']	['MORC2', 's']	[]
['ALDOB', 'ALDB']	['P05062', 'Q13741', 'Q13742', 'Q5T7D6']	['s']	['ALDOC', 'ALDOA']
['ALDOB', 'hCG_27655']	['A0A024R145']	[]	['ALDOC', 'ALDOA']
['DHX30', 'DDX30', 'KIAA0890']	['Q7L2E3', 'A8K5F1', 'O94965', 'Q7Z753', 'Q96CH4', 'Q9NUQ0']	['DDX28', 's']	[]
['RPIA', 'RPI']	['P49247', 'Q541P9', 'Q96BJ6']	[]	[]
['ALDOC', 'ALDC']	['P09972', 'B2R5R3', 'Q3SYL3', 'Q6FH94', 'Q6P0L5']	['s']	['ALDOB', 'ALDOA']
['ALDOC', 'hCG_31801']	['A0A024QZ64']	[]	['ALDOB', 'ALDOA']
['RAD54L2', 'ARIP4', 'KIAA0809']	['Q9Y4B4', 'Q8TB57', 'Q9BV54']	['large', 's']	[]
['ACSBG1', 'BGM', 'KIAA0631', 'LPD']	['Q96GR2', 'B2RB61', 'O75126', 'Q76N27', 'Q9HC26']	[]	['ACSBG2']
[]	['B3KNS7']	[]	['ACSBG2']
['SMCHD1', 'KIAA0650']	['A6NHR9', 'O75141', 'Q6AHX6', 'Q6ZTQ8', 'Q9H6Q2', 'Q9UG39']	['s']	[]
['SLC7A8', 'LAT2']	['Q9UHI5', 'B2R8Q4', 'B4DKT4', 'B4DTV6', 'D3DS46', 'F2Z2J4', 'Q86U05', 'Q9UKQ6', 'Q9UKQ7', 'Q9UKQ8', 'Q9Y445']	[]	[]
[]	['Q53EM9']	[]	[]
['ABCB9', 'KIAA1520']	['Q9NP78', 'B4E2J0', 'Q5W9G7', 'Q769F3', 'Q769F4', 'Q96AB1', 'Q9P208']	[]	[]
['ABCB9', 'hCG_33190']	['A0A024RBU1']	[]	[]
['MTREX', 'DOB1', 'KIAA0052', 'MTR4', 'SKIV2L2']	['P42285', 'Q2M386', 'Q6MZZ8', 'Q6P170', 'Q8N5R0', 'Q8TAG2']	['regulatory', 'MTREX', '1', 's', 'a']	[]
[]	['Q3MHC9']	[]	[]
['SLC16A8', 'MCT3']	['O95907', 'Q9UBE2']	[]	[]
[]	['O95786', 'A2RU81', 'Q5HYE1', 'Q5VYT1', 'Q9NT04']	['DDX58', '1', 's']	[]
[]	['Q9UPY5', 'A8K2U4']	[]	[]
['PANX1', 'MRS1', 'UNQ2529/PRO6028']	['Q96RD7', 'O75968', 'Q543A0', 'Q6UW26', 'Q96AM9', 'Q96L77', 'Q96RS5']	['s']	[]
['PANX1', 'PANX', 'hCG_1640673']	['A0A024R397']	[]	[]
[]	['Q8NEY4', 'Q96EL8']	['a', 'catalytic', 'd', 's']	['ATP6V1C1']
['SLC17A8', 'VGLUT3']	['Q8NDX2', 'B3KXZ6', 'B7ZKV4', 'Q17RQ8']	[]	['SLC17A6', 'SLC17A7']
['SLC25A30', 'KMCP1']	['Q5SVS4', 'B2RN96', 'B4DZK3', 'F5H8H8']	['s']	['SLC25A14']
[]	['B3KSR0']	[]	['SLC25A14']
[]	['B3KTE8']	[]	['SLC25A14']
['MCM9', 'C6orf61', 'MCMDC1']	['Q9NXL9', 'B4DR30', 'B9DI77', 'Q2KHJ0', 'Q8N5S5', 'Q9HCV5']	['MCM9', 'MCM6', 'MCM8', 'MCM5', 's', 'MCM7', 'a', 'MCM4', 'MCM3']	[]
[]	['O95336']	[]	[]
['HEL-S-304', 'PGLS', 'hCG_1778174']	['A0A0K0K1K7']	[]	[]
['BACE2', 'AEPLC', 'ALP56', 'ASP21', 'CDA13', 'UNQ418/PRO852']	['Q9Y5Z0', 'A8K7P1', 'Q5DIH8', 'Q8N2D4', 'Q9H2V8', 'Q9NZL1', 'Q9NZL2', 'Q9UJT6']	['s']	[]
['MPC2', 'BRP44']	['O95563', 'A8K261', 'Q3SXR6', 'Q6FIF3']	['a']	[]
['BRP44', 'hCG_2025634']	['A0A024R8Z5']	[]	[]
['MTHFD1L', 'FTHFSDC1']	['Q6UB35', 'Q2TBF3', 'Q8WVW0', 'Q96HG8', 'Q9H789', 'Q9UFU8']	[]	[]
['CHD5', 'KIAA0444']	['Q8TDI0', 'O75032', 'Q5TG89', 'Q7LGH2', 'Q9UFR9']	['a']	[]
['GART', 'PGFT', 'PRGS']	['P22102', 'A8K945', 'A8KA32', 'D3DSF3', 'D3DSF4', 'O14659', 'Q52M77']	[]	[]
['GATM', 'AGAT']	['P50440', 'B4DH99', 'B4DPI3', 'Q53EQ4']	['s']	[]
[]	['A0A140VK19']	[]	[]
[]	['Q9Y6K8', 'Q5U622', 'Q6FH66', 'Q7Z4T5', 'Q86YS0', 'Q8N464', 'Q96EC9']	['s']	[]
[]	['P35557', 'A4D2J2', 'A4D2J3', 'Q05810']	['s']	[]
['GCK', 'hCG_1745191', 'tcag7.801']	['Q53Y25']	[]	[]
['PPA2', 'HSPC124']	['Q9H2U2', 'B4DLP7', 'F8WDN9', 'I6L9B6', 'Q4W5E9', 'Q6PG51', 'Q8TBW0', 'Q96E55', 'Q9H0T0', 'Q9NX37', 'Q9P033', 'Q9ULX0']	[]	['PPA1']
['GLS2', 'GA']	['Q9UI32', 'B7Z8Q9', 'Q8IX91', 'Q9NYY2', 'Q9UI31']	['s']	[]
['VPS4A', 'VPS4']	['Q9UN37', 'B2RCB7', 'Q8TF07', 'Q9UI03', 'Q9Y582']	['O75351', 'VPS4B', 's', 'a', 'VPS4A']	['VPS4B']
['VPS4A', 'hCG_28199']	['A0A024R705']	[]	['VPS4B']
['GCLC', 'GLCL', 'GLCLC']	['P48506', 'Q14399']	['light', 'a', 'regulatory', 'GCLM']	[]
['GCLC', 'hCG_21942']	['Q14TF0']	['GCLM']	[]
['GCLM', 'GLCLR']	['P48507', 'A8K334', 'D3DT45', 'M5A959', 'Q6FHC1', 'Q9NPX9', 'Q9NU74']	['GCLC', 'heavy', 'catalytic', 'a']	[]
['TOR1B', 'DQ1', 'FKSG18']	['O14657']	['s', 'TOR1B']	['TOR1A']
['GLS', 'GLS1', 'KIAA0838']	['O94925', 'Q9UL05', 'Q9UL06', 'Q9UL07', 'Q9UN40']	['GLS', 's']	['GLS2']
['GLUL', 'GLNS']	['P15104', 'Q499Y9', 'Q5T9Z1', 'Q7Z3W4', 'Q8IZ17']	['s']	[]
['PIG59', 'GLUL', 'hCG_24393']	['A8YXX4', 'A0A024R956']	[]	[]
[]	['P17174', 'B2R6R7', 'B7Z7E9', 'Q5VW80']	[]	['GOT1L1']
[]	['A0A140VK69']	[]	['GOT1L1']
['GOT2', 'KYAT4']	['P00505', 'B4DJA6', 'E7ERW2', 'Q53FL3', 'Q9BWA3']	[]	[]
[]	['P06744', 'B4DG39', 'Q9BRD3', 'Q9BSK5', 'Q9UHE6']	[]	[]
['AQP11', 'AQPX1', 'PSEC0027']	['Q8NBQ7']	[]	[]
['SLC13A5', 'NACT']	['Q86YT5', 'B3KXR0', 'B7Z4P2', 'B7ZLB4', 'F8W7N2', 'Q6ZMG1']	[]	['SLC13A2', 'SLC13A3']
[]	['Q68D44']	[]	['SLC13A2', 'SLC13A3']
[]	['Q86VD7', 'D2T2J5', 'O14553', 'O43378']	[]	[]
['MGC26694', 'hCG_38564']	['A0A024R7K2']	[]	[]
['SLC9A9', 'NHE9', 'Nbla00118']	['Q8IVB4', 'A6NMQ9', 'Q3LIC2', 'Q5JPI6', 'Q5WA58', 'Q8NAB9']	[]	[]
['SLC9C1', 'SLC9A10']	['Q4G0N8', 'Q6ZRP4', 'Q7RTP2']	['s']	[]
['SLC36A3', 'PAT3', 'TRAMD2']	['Q495N2', 'Q495N3', 'Q6ZMU7', 'Q6ZRU4', 'Q7Z6B4']	[]	['SLC36A1', 'SLC36A2', 'SLC36A4']
[]	['P07203', 'E9PAS1', 'Q7Z5H1', 'Q9BW12']	['s']	[]
[]	['Q7L4Q3']	[]	[]
['SLC27A6', 'ACSVL2', 'FACVL2', 'FATP6']	['Q9Y2P4', 'Q6IAM5', 'Q7Z6E6', 'Q86YF6']	[]	[]
['ATAD2', 'L16', 'PRO2000']	['Q6PL18', 'Q14CR1', 'Q658P2', 'Q68CQ0', 'Q6PJV6', 'Q8N890', 'Q9UHS5']	['s']	[]
['ATAD2', 'hCG_2009021']	['A0A024R9G7']	[]	[]
['SLC25A4', 'ANT1']	['P12235', 'D3DP59']	['1', 's']	['SLC25A31', 'SLC25A5']
[]	['A0A0S2Z3H3']	[]	['SLC25A31', 'SLC25A5']
['DDX25', 'GRTH']	['Q9UHL0', 'B2R6Z0', 'Q5XVN2', 'Q86W81', 'Q8IYP1']	[]	[]
['SLC25A5', 'ANT2']	['P05141', 'B2RCV1', 'O43350']	['1', 's']	['SLC25A31', 'SLC25A4']
[]	['Q6NVC0']	[]	['SLC25A31', 'SLC25A4']
[]	['P48637', 'B2R697', 'B6F210', 'E1P5P9', 'Q4TTD9']	[]	[]
['HEL-S-64p', 'GSS', 'HEL-S-88n']	['V9HWJ1']	[]	[]
['GTF2F2', 'RAP30']	['P13984', 'A6NNS5', 'Q5W0H3']	['a', 'alpha', 's', 'GTF2F2']	[]
['GTF2F2', 'hCG_1811827']	['A0A024RDU9']	[]	[]
['GUK1', 'GMK', 'GMPK']	['Q16774', 'B1ANH1']	['s']	[]
['GUK1', 'hCG_1984660']	['Q6IBG8', 'A0A024R3S8']	[]	[]
[]	['Q9Y5B8', 'A8K3T6', 'A8MY09', 'B3KSW9', 'Q5TGZ4']	[]	['NME1-NME2', 'NME4', 'NME3', 'NME2', 'NME1', 'NME6']
['SLC25A24', 'APC1', 'MCSC1', 'SCAMC1']	['Q6NUK1', 'B7ZAI9', 'Q5T331', 'Q5T485', 'Q6PJJ9', 'Q705K4', 'Q9P129']	[]	['SLC25A23', 'SLC25A25']
['PSAT1', 'PSA']	['Q9Y617', 'Q5T7G5', 'Q5T7G6', 'Q96AW2', 'Q9BQ12']	[]	[]
['PSAT1', 'hCG_1984423']	['A0A024R222']	[]	[]
['SLC2A8', 'GLUT8', 'GLUTX1']	['Q9NY64', 'Q8WUZ9', 'Q9NSC4']	['s']	[]
['SLC2A8', 'hCG_28276']	['Q8WZ05']	[]	[]
['SLC2A8', 'hCG_28276']	['A0A024R871']	[]	[]
[]	['P19367', 'E9PCK0', 'O43443', 'O43444', 'O75574', 'Q5VTC3', 'Q96HC8', 'Q9NNZ4', 'Q9NNZ5']	['PFKM', 's']	['HKDC1', 'HK3', 'HK2']
[]	['Q59FD4']	[]	['HKDC1', 'HK3', 'HK2']
[]	['B3KXY9']	[]	['HKDC1', 'HK3', 'HK2']
[]	['A8K7J7']	[]	['HKDC1', 'HK3', 'HK2']
[]	['P52789', 'D6W5J2', 'Q8WU87', 'Q9UN82']	['a', 's']	['HKDC1', 'HK3', 'HK1']
['ACACA', 'ACAC', 'ACC1', 'ACCA']	['Q13085', 'B2RP68', 'B2ZZ90', 'Q6KEV6', 'Q6XDA8', 'Q7Z2G8', 'Q7Z561', 'Q7Z563', 'Q7Z564', 'Q86WB2', 'Q86WB3']	['s']	[]
[]	['P52790', 'Q8N1E7']	[]	['HKDC1', 'HK2', 'HK1']
['HK3', 'hCG_41583']	['A0A024R7R1']	[]	['HKDC1', 'HK2', 'HK1']
['HLA-A', 'HLAA']	['P04439', 'B1PKZ3', 'O02939', 'O02954', 'O02955', 'O02963', 'O19509', 'O19546', 'O19598', 'O19605', 'O19606', 'O19619', 'O19647', 'O19673', 'O19687', 'O19695', 'O19756', 'O19794', 'O19795', 'O43906', 'O43907', 'O46874', 'O62921', 'O62924', 'O77937', 'O77938', 'O77964', 'O78073', 'O78171', 'O98009', 'O98010', 'O98011', 'O98137', 'P01891', 'P01892', 'P05534', 'P06338', 'P10313', 'P10314', 'P10315', 'P10316', 'P13746', 'P16188', 'P16189', 'P16190', 'P18462', 'P30443', 'P30444', 'P30445', 'P30446', 'P30447', 'P30448', 'P30449', 'P30450', 'P30451', 'P30452', 'P30453', 'P30454', 'P30455', 'P30456', 'P30457', 'P30458', 'P30459', 'P30512', 'P30514', 'P79505', 'P79562', 'P79563', 'Q09160', 'Q29680', 'Q29747', 'Q29835', 'Q29837', 'Q29838', 'Q29899', 'Q29908', 'Q29909', 'Q29910', 'Q30208', 'Q31623', 'Q5S3G1', 'Q65A82', 'Q8MHM1', 'Q8MHN9', 'Q95352', 'Q95355', 'Q95362', 'Q95377', 'Q95380', 'Q95IZ5', 'Q9BCN0', 'Q9BD15', 'Q9BD19', 'Q9GJE6', 'Q9GJE7', 'Q9GJE8', 'Q9MW42', 'Q9MY89', 'Q9MYA3', 'Q9MYA5', 'Q9MYC4', 'Q9MYE6', 'Q9MYE9', 'Q9MYG4', 'Q9MYG5', 'Q9MYI5', 'Q9TP25', 'Q9TPQ3', 'Q9TPR8', 'Q9TPX8', 'Q9TPX9', 'Q9TPY0', 'Q9TQ24', 'Q9TQE8', 'Q9TQE9', 'Q9TQF1', 'Q9TQF5', 'Q9TQF8', 'Q9TQF9', 'Q9TQG0', 'Q9TQG5', 'Q9TQG7', 'Q9TQH5', 'Q9TQI3', 'Q9TQK5', 'Q9TQM6', 'Q9TQN5', 'Q9TQP5', 'Q9TQP6', 'Q9TQP7', 'Q9UIN1', 'Q9UIN2', 'Q9UIP7', 'Q9UQU3', 'Q9UQU6', 'Q9UQU7']	['TAPBP', 'B2M', 's', '1']	[]
['HLA-A', 'HLA', 'HLA-A*0101']	['Q5SUL5']	[]	[]
[]	['P01909', 'O19630', 'O19706', 'P01907', 'P01908', 'P04225', 'P04226', 'P05536', 'P79553', 'Q06751', 'Q29876', 'Q29994', 'Q2Q6Y6', 'Q2Q6Y7', 'Q2Q6Y8', 'Q2WCM3', 'Q30064', 'Q30067', 'Q30068', 'Q30070', 'Q30071', 'Q30072', 'Q30073', 'Q30086', 'Q30101', 'Q5Y7D5', 'Q5Y7F5', 'Q6ICU6', 'Q6PR46', 'Q6QDB1', 'Q860W2', 'Q860W4', 'Q9BD37', 'Q9TPM3', 'Q9UM31']	['3', 'beta', 'antigen', 'a', 'invariant', 's', 'gamma']	['HLA-DQB1']
[]	['A0A173ADG5']	[]	['HLA-DQB1']
[]	['Q8MH44']	[]	['HLA-DQB1']
['HLA-DQB1', 'HLA-DQB']	['P01920', 'A1KR27', 'A2RPH3', 'A4Q9R4', 'A4USG2', 'A4USG5', 'A6N8I7', 'A9YQA0', 'B0S7Y7', 'B1A0K6', 'B1GXI3', 'B3VLT3', 'B5BLN7', 'B7VU69', 'C0MQ34', 'C0MQ35', 'C8ZL52', 'C8ZLJ8', 'C8ZLJ9', 'C9DRQ3', 'O19708', 'O19713', 'O19724', 'O62861', 'O78046', 'O78221', 'O78223', 'O98034', 'O98201', 'P01917', 'P01918', 'P01919', 'P03992', 'P05537', 'P79482', 'P79526', 'P79544', 'P79551', 'Q08GC8', 'Q09035', 'Q0E4V9', 'Q1M312', 'Q29731', 'Q29877', 'Q29884', 'Q29915', 'Q29966', 'Q2P9N3', 'Q2QK85', 'Q30061', 'Q30075', 'Q30076', 'Q30080', 'Q30081', 'Q30082', 'Q30083', 'Q30084', 'Q30089', 'Q30095', 'Q31633', 'Q38I47', 'Q45UE3', 'Q4QZB5', 'Q53I44', 'Q564J6', 'Q5G841', 'Q5ISH1', 'Q5ISH3', 'Q5W1E1', 'Q5Y7G8', 'Q643R4', 'Q6B9X1', 'Q70VH8', 'Q7YP69', 'Q8HWH0', 'Q8MH58', 'Q8SNB4', 'Q8SND1', 'Q8SP70', 'Q8WMA3', 'Q9BD17', 'Q9MYH2', 'Q9TPA9', 'Q9XRY6', 'Q9XRY7', 'Q9XRZ2']	['3', 'beta', 'antigen', 'a', 'invariant', 's', 'gamma', 'CD74', 'alpha']	['HLA-DQA1']
[]	['Q5Y7D3', 'U3Q031']	[]	['HLA-DQA1']
['HMGCS1', 'HMGCS']	['Q01581', 'B2RDL8']	[]	[]
['HMGCS1', 'hCG_36936']	['A0A024R059']	[]	[]
['SLC29A2', 'DER12', 'ENT2', 'HNP36']	['Q14542', 'B3KPY7', 'O43530', 'Q52M84', 'Q96R00', 'Q9UPE0']	[]	['SLC29A3', 'SLC29A1']
['ACACB', 'ACC2', 'ACCB']	['O00763', 'A6NK36', 'Q16852', 'Q1HEC1', 'Q6KE87', 'Q6KE89', 'Q6TY48']	['a', 's']	[]
['HSPA5', 'GRP78']	['P11021', 'B0QZ61', 'Q2EF78', 'Q9NPF1', 'Q9UK02']	['a', 'HSPA5', 'large', 's']	[]
[]	['V9HWB4']	[]	[]
['HTN3', 'HIS2']	['P15516', 'Q16243', 'Q502Z1']	[]	[]
[]	['Q7Z4L0', 'Q495K7']	['3', '2', 'COX5B', 'MT-CO3', 'COX5A', 'a', 'MT-CO2', 'COX7A2', 'COX6A2', 'COX7A1', 'COX8A', 'COX4I2', '1', 'COX4I1', 'COX7C', 's', 'MT-CO1', 'catalytic', 'COX6B2']	['COX8A']
[]	['Q13907', 'B4E155', 'Q32Q13', 'Q53GQ6', 'Q86U81', 'Q8WUX8', 'Q96IZ4', 'Q9BQ74']	[]	['IDI2']
[]	['O94778', 'Q8IUU3', 'Q9UIA4']	[]	[]
['GJC3', 'GJE1']	['Q8NFK1', 'A4D296', 'Q86XI9']	['a']	[]
['IGHMBP2', 'SMBP2', 'SMUBP2']	['P38935', 'A0PJD2', 'Q00443', 'Q14177']	['RUVBL2', 'large', 's', 'RUVBL1']	[]
[]	['P41181', 'Q9UD68']	[]	[]
[]	['P55087', 'P78564']	['AQP4', 'a']	[]
['AQP4', 'hCG_37174']	['F1DSG4']	[]	[]
[]	['P55064', 'Q6FGW8']	['s']	[]
['AQP6', 'AQP2L']	['Q13520']	[]	[]
['AQP7', 'AQP7L', 'AQP9']	['O14520', 'Q08E94', 'Q5T5L9', 'Q8NHM3']	['s']	[]
['AQP9', 'SSC1']	['O43315', 'Q9NP32']	[]	[]
['ASPG', 'C14orf76']	['Q86U10', 'B9EGQ2', 'Q8IV80']	[]	[]
['AQP12A', 'AQP12', 'AQPX2']	['Q8IXF9']	[]	[]
['SLC27A1', 'ACSVL5', 'FATP1']	['Q6PCB7', 'A6NIH2', 'B7Z662']	['s']	['SLC27A4']
[]	['Q8N1Q1']	[]	['CA9', 'CA7', 'CA6', 'CA5A', 'CA3', 'CA1', 'CA5B']
['ACAT1', 'ACAT', 'MAT']	['P24752', 'B2R6H1', 'G3XAB4', 'Q96FG8']	[]	['ACAT2']
[]	['A0A140VJX1']	[]	['ACAT2']
[]	['P05089', 'A6NEA0', 'Q5JWT5', 'Q5JWT6', 'Q8TE72', 'Q9BS50']	['s']	['ARG2']
[]	['P78540', 'B2R690', 'Q6FHY8']	[]	['ARG1']
['ARG2', 'hCG_20767']	['A0A024R6A0']	[]	['ARG1']
['SLC22A25', 'UST6']	['Q6T423', 'A4FU27']	[]	['SLC22A10']
['SLC16A12', 'MCT12']	['Q6ZSM3', 'E9PSF9', 'Q5M9M9', 'Q5T7J2', 'Q6ZV76']	['2', 's']	[]
['ENO4', 'C10orf134']	['A6NNW6', 'A0A087WZY6', 'A6NI74', 'B8ZZN9', 'J3KNX1']	['ENO1', 's']	['ENO3', 'ENO2', 'ENO1']
['SLC22A10', 'OAT5']	['Q63ZE4', 'Q68CJ0']	[]	['SLC22A25']
['ACAT2', 'ACTL']	['Q9BWD1', 'B7Z233', 'E1P5B1', 'Q16146', 'Q5TCL7', 'Q8TDM4']	[]	['ACAT1']
['MCM2', 'BM28', 'CCNL1', 'CDCL1', 'KIAA0030']	['P49736', 'Q14577', 'Q15023', 'Q8N2V1', 'Q969W7', 'Q96AE1', 'Q9BRM7']	['Q14566', 'MCM6', 'P25205', 'MCM2', 'P33992', 'MCM5', 'P33993', 's', 'MCM7', 'a', 'MCM4', 'MCM3', 'P33991']	[]
[]	['P25205', 'B4DWW4', 'Q92660', 'Q9BTR3', 'Q9NUE7']	['Q14566', 'MCM6', 'P49736', 'MCM2', 'P33992', 'MCM5', 'P33993', 's', 'MCM7', 'a', 'MCM4', 'MCM3', 'P33991']	[]
[]	['A0A0S2Z4T1']	[]	[]
['MCM4', 'CDC21']	['P33991', 'Q8NEH1', 'Q99658']	['Q14566', 'MCM6', 'P25205', 'P49736', 'MCM2', 'P33992', 'MCM5', 'P33993', 's', 'MCM7', 'a', 'MCM4', 'MCM3']	[]
[]	['B4DLA6']	[]	[]
['MCM5', 'CDC46']	['P33992', 'O60785', 'Q14578', 'Q9BTJ4', 'Q9BWL8']	['Q14566', 'MCM6', 'P25205', 'P49736', 'MCM2', 'MCM5', 'P33993', 's', 'MCM7', 'a', 'MCM4', 'MCM3', 'P33991']	[]
['MCM5', 'hCG_41525']	['B1AHB0']	[]	[]
[]	['Q14566', 'B2R6H2', 'Q13504', 'Q99859']	['MCM6', 'P25205', 'P49736', 'MCM2', 'P33992', 'MCM5', 'P33993', 's', 'MCM7', 'a', 'MCM4', 'MCM3', 'P33991']	[]
['MCM7', 'CDC47', 'MCM2']	['P33993', 'A4D2A1', 'A4D2A2', 'E9PGN9', 'Q15076', 'Q96D34', 'Q96GL1']	['Q14566', 'MCM6', 'P25205', 'P49736', 'MCM2', 'P33992', 'MCM5', 's', 'MCM7', 'a', 'MCM4', 'MCM3', 'P33991']	[]
[]	['A0A0S2Z4A5']	[]	[]
[]	['C6EMX8']	[]	[]
['MOV10', 'KIAA1631']	['Q9HCE1', 'Q5JR03', 'Q8TEF0', 'Q9BSY3', 'Q9BUJ9']	['antigen', 's']	[]
[]	['P04424', 'E7EMI0', 'E9PE48', 'Q6LDS5', 'Q96HS2']	[]	[]
['ASL', 'hCG_18702']	['A0A024RDL8']	[]	[]
['ABCC1', 'MRP', 'MRP1']	['P33527', 'A3RJX2', 'C9JPJ4', 'O14819', 'O43333', 'P78419', 'Q59GI9', 'Q9UQ97', 'Q9UQ99', 'Q9UQA0']	[]	[]
['ASNS', 'TS11']	['P08243', 'A4D1I8', 'B4DXZ1', 'B7ZAA9', 'D6W5R3', 'E9PCI3', 'E9PCX6', 'P08184', 'Q15666', 'Q549T9', 'Q96HD0']	[]	[]
[]	['Q9H903', 'Q6P079', 'Q8N560']	[]	['MTHFD2']
['PGAM4', 'PGAM3']	['Q8N0Y7', 'Q5JPN2', 'Q8NI24', 'Q8NI25', 'Q8NI26']	[]	['PGAM2', 'PGAM1']
['ASS1', 'ASS']	['P00966', 'Q6LDL2', 'Q86UZ0', 'Q96GT4']	['a', 's']	[]
['ASS', 'ASS1', 'hCG_31245']	['Q5T6L4']	[]	[]
['MT-CO1', 'COI', 'COXI', 'MTCO1']	['P00395', 'Q34770']	['COX5B', 'P15954', 's', 'P10606', 'catalytic', 'P00403', '3', '2', 'MT-CO3', 'MT-CO1', 'P14406', 'MT-CO2', 'COX8A', 'P13073', 'COX4I1', 'P10176', 'P00414', 'COX5A', 'COX7A2', 'P20674', 'COX7C', 'a']	[]
['COX1', 'CO1', 'COI', 'MTCO1']	['U5YWV7']	[]	[]
['COX1', 'COI', 'MTCO1', 'HS5781_0016', 'HS5782_0016']	['A0A1X7RBG2']	[]	[]
['MT-CO2', 'COII', 'COX2', 'COXII', 'MTCO2']	['P00403', 'Q37526']	['COX5B', 'P00395', 'P15954', 's', 'P10606', 'catalytic', '3', 'MT-CO3', '1', 'MT-CO1', 'COX16', 'P14406', 'MT-CO2', 'COX8A', 'P13073', 'COX4I1', 'P10176', 'P00414', 'COX5A', 'COX7A2', 'P20674', 'COX7C', 'a']	[]
['COX2', 'CO2', 'COII', 'MTCO2']	['U5Z487', 'A0A1B0VYS2']	[]	[]
['COX2', 'COII', 'MTCO2', 'HS5781_0019', 'HS5782_0019']	['A0A1X7RBF7']	[]	[]
['MT-CO3', 'COIII', 'COXIII', 'MTCO3']	['P00414', 'Q14Y83']	['COX5B', 'P00395', 'P15954', 's', 'P10606', 'catalytic', 'P00403', '2', 'MT-CO3', '1', 'MT-CO1', 'P14406', 'MT-CO2', 'COX8A', 'P13073', 'COX4I1', 'P10176', 'COX5A', 'COX7A2', 'P20674', 'COX7C', 'a']	[]
['COX3', 'CO3', 'COIII', 'DKFZp686F15101', 'MTCO3']	['Q7GIM7']	[]	[]
['COX3', 'COIII', 'MTCO3', 'HS5781_0023', 'HS5782_0023']	['A0A1X7RBF0']	[]	[]
['MTHFD1', 'MTHFC', 'MTHFD']	['P11586', 'B2R5Y2', 'G3V2B8', 'Q86VC9', 'Q9BVP5']	[]	[]
[]	['A0A384N5Y3']	[]	[]
['MVD', 'MPD']	['P53602', 'Q53Y65']	[]	[]
[]	['Q03426']	[]	[]
['MVK', 'hCG_40321']	['B2RDU6']	[]	[]
[]	['P53396', 'B4DIM0', 'B4E3P0', 'Q13037', 'Q9BRL0']	[]	[]
['ACLY', 'hCG_19718']	['A0A024R1T9']	[]	[]
['ACO1', 'IREB1']	['P21399', 'D3DRK7', 'Q14652', 'Q5VZA7']	['s']	['ACO2']
[]	['V9HWB7']	['s']	['ACO2']
[]	['Q9HBB2']	['s']	['ACO2']
['NME1', 'NDPKA', 'NM23']	['P15531', 'Q6FGK3', 'Q86XQ2', 'Q9UDJ6']	['a', 's']	['NME1-NME2', 'NME4', 'NME3', 'NME2', 'NME7', 'NME6']
[]	['A0A384MTW7']	[]	['NME1-NME2', 'NME4', 'NME3', 'NME2', 'NME7', 'NME6']
['NME2', 'NM23B']	['P22392', 'A8MWA3', 'Q1WM23', 'Q6LCT6']	['a', 's']	['NME1-NME2', 'NME4', 'NME3', 'NME1', 'NME7', 'NME6']
['NME2', 'HEL-S-155an', 'hCG_2001850']	['Q6FHN3']	[]	['NME1-NME2', 'NME4', 'NME3', 'NME1', 'NME7', 'NME6']
[]	['Q13232', 'Q9BWH4']	[]	['NME1-NME2', 'NME4', 'NME2', 'NME1', 'NME7', 'NME6']
['NME4', 'NM23D']	['O00746', 'A2IDD0', 'Q5U0M9']	['s']	['NME1-NME2', 'NME3', 'NME2', 'NME1', 'NME7', 'NME6']
[]	['P46459', 'A8K2D9', 'B4DFA2', 'Q8N6D7', 'Q9UKZ2']	['s']	[]
[]	['A0A384MTI6']	[]	[]
[]	['P04181', 'D3DRF0', 'Q16068', 'Q16069', 'Q68CS0', 'Q6IAV9', 'Q9UD03']	[]	[]
[]	['A0A140VJQ4']	[]	[]
[]	['P11926', 'Q53TU3', 'Q6LDS9']	['a']	[]
[]	['Q99798', 'O75809', 'Q5JZ41', 'Q6FHX0', 'Q8TAQ6']	[]	['ACO1']
[]	['P00480', 'A8K9P2', 'D3DWB0', 'Q3KNR1', 'Q6B0I1', 'Q9NYJ5']	[]	[]
['ATP5F1B', 'ATP5B', 'ATPMB', 'ATPSB']	['P06576', 'A8K4X0', 'Q14283']	['ATP5J2', 'f', '1', 's', 'catalytic']	[]
[]	['V9HW31']	['catalytic', '1', 's']	[]
['ATP6V0A4', 'ATP6N1B', 'ATP6N2']	['Q9HBG4', 'A4D1R4', 'A8KA80', 'Q32M47']	['s', 'd', 'ATP6V1A']	['ATP6V0A1']
['ATP6V0A4', 'hCG_16392']	['A0A024R791']	['ATP6V1A']	['ATP6V0A1']
['SLC45A1', 'DNB5']	['Q9Y2W3', 'A0A0A0MT80', 'Q5VY46', 'Q5VY49']	[]	[]
['ATP5F1C', 'ATP5C', 'ATP5C1', 'ATP5CL1']	['P36542', 'A8KA31', 'Q5VYP3', 'Q6I9V2', 'Q96AS8']	['catalytic', '1', 's']	[]
[]	['Q8TAS0']	['catalytic', '1', 's']	[]
[]	['P11498', 'B4DN00', 'Q16705']	['s']	[]
['PC', 'hCG_20121']	['A0A024R5C5']	[]	[]
['PCK1', 'PEPCK1']	['P35558', 'A8K437', 'B4DT64', 'Q8TCA3', 'Q9UJD2']	[]	['PCK2']
['PCK2', 'PEPCK2']	['Q16822', 'B4DW73', 'O43253', 'Q86U01', 'Q9BV62']	[]	['PCK1']
['PCK2', 'hCG_40169']	['A0A384MTT2']	[]	['PCK1']
['APH1A', 'PSF', 'CGI-78', 'UNQ579/PRO1141']	['Q96BI3', 'B4DQK0', 'Q5TB22', 'Q5TB23', 'Q969R6', 'Q9BVG0', 'Q9Y386']	['APH1A', 'a', 'PSEN1']	['APH1B']
['COX16', 'C14orf112', 'HSPC203', 'PTD019']	['Q9P0S2', 'A6NDT5', 'A8K3X8', 'B8XYC5']	['s']	[]
['SLC15A3', 'OCTP', 'PHT2', 'PTR3']	['Q8IY34', 'Q9P2X9']	[]	['SLC15A4']
['ATP6V1D', 'ATP6M', 'VATD']	['Q9Y5K8', 'B2RE33', 'Q9Y688']	['ATP6V1C1', 's', 'a', 'catalytic', 'ATP6V0A1', 'd']	[]
['ATP6V1D', 'hCG_21908']	['A0A024R683']	['ATP6V1C1', 'ATP6V0A1']	[]
['DDX41', 'ABS']	['Q9UJV9', 'B2RDC8', 'Q96BK6', 'Q96K05', 'Q9NT96', 'Q9NW04']	['s']	[]
['RHCG', 'C15orf6', 'CDRC2', 'PDRC2', 'RHGK']	['Q9UBD6', 'A8K4D4', 'Q6X3Y4']	[]	['RHAG', 'RHBG']
['ATP6V1H', 'CGI-11']	['Q9UI12', 'B3KMR0', 'Q6PK44', 'Q9H3E3', 'Q9Y300']	[]	[]
['ATP6V1H', 'hCG_27354']	['A0A024R7U9']	['a', 'catalytic', 's']	[]
['MPC1', 'BRP44L', 'CGI-129', 'HSPC040', 'PNAS-115']	['Q9Y5U8', 'B2R5I7', 'Q5TI66', 'Q9HB67', 'Q9UQN4']	['a']	[]
['CMPK1', 'CMK', 'CMPK', 'UCK', 'UMK', 'UMPK']	['P30085', 'B2R6S5', 'B4DPU7', 'E9PGI8', 'Q53GB7', 'Q5SVZ0', 'Q96C07', 'Q9UBQ8', 'Q9UIA2']	[]	[]
[]	['A0A494BXC7']	[]	[]
['RTEL1', 'C20orf41', 'KIAA1088', 'NHL']	['Q9NZ71', 'A2A397', 'A2A398', 'B4DRM5', 'B4DYM3', 'B4E3N6', 'E1P5J4', 'E1P5J5', 'Q5JTV3', 'Q5JTV4', 'Q9BW37', 'Q9H402', 'Q9H4X6', 'Q9NX25', 'Q9NZ73', 'Q9UPR4', 'Q9Y4R6']	['RTEL1', 's']	[]
['PFAS', 'KIAA0361']	['O15067', 'A6H8V8']	[]	[]
[]	['A8K9T9']	[]	[]
[]	['Q6P4B4']	[]	[]
[]	['P17858', 'Q96A64', 'Q96IH4', 'Q9BR91']	['3', '4', 'PFKM', 'PFKL', 'a', 'P08237']	['PFKP', 'PFKM']
[]	['Q7L2M7']	[]	['PFKP', 'PFKM']
['PFKM', 'PFKX']	['P08237', 'J3KNX3', 'Q16814', 'Q16815', 'Q6ZTT1']	['3', '4', 'PFKM', 'HK1', 'P17858', 'PFKL', 's', 'a']	['PFKP', 'PFKL']
['PFKM', 'hCG_27714']	['A0A024R0Y5']	[]	['PFKP', 'PFKL']
['PFKP', 'PFKF']	['Q01813', 'B3KS15', 'Q5VSR7', 'Q5VSR8']	['3', '4', 'a', 'PFKP']	['PFKM', 'PFKL']
['PGAM1', 'PGAMA', 'CDABP0006']	['P18669', 'Q9BWC0']	[]	['PGAM2', 'PGAM4']
['PGAM1', 'HEL-S-35', 'hCG_2015269', 'hCG_25778']	['Q6FHU2']	[]	['PGAM2', 'PGAM4']
['PGAM2', 'PGAMM']	['P15259']	['ENO1', 's']	['PGAM1', 'PGAM4']
[]	['P20142', 'B4DVZ3', 'Q5T3D7', 'Q5T3D8']	[]	[]
['ATP6V1A', 'ATP6A1', 'ATP6V1A1', 'VPP2']	['P38606', 'B2RBR8', 'B7Z1R5', 'D3DN75', 'Q53YD9', 'Q96DY6', 'Q9UHY3']	['f', 'proteolipid', 'e', 's', 'a', 'catalytic', 'd']	[]
['ABCB1', 'MDR1', 'PGY1']	['P08183', 'A8K294', 'B5AK60', 'Q12755', 'Q14812']	['s']	[]
['ABCB1', 'hCG_20818', 'tcag7.316']	['A4D1D2']	[]	[]
['ATP6V1B1', 'ATP6B1', 'VATB', 'VPP3']	['P15313', 'Q53FY0', 'Q6P4H6']	['f', 'proteolipid', 'e', 's', 'ATP6V1G1', 'a', 'catalytic', 'd']	['ATP6V1B2']
['SLC25A3', 'PHC', 'OK/SW-cl.48']	['Q00325', 'B3KS34', 'Q7Z7N7', 'Q96A03']	['s']	[]
['SLC25A3', 'hCG_36721']	['A0A024RBH9']	[]	[]
[]	['Q6MZF9']	[]	[]
['ATP6V1B2', 'ATP6B2', 'VPP3']	['P21281', 'B2R5Z3', 'D3DSQ5', 'Q14544', 'Q15859', 'Q96IR0']	['f', 'proteolipid', 'e', 's', 'a', 'catalytic', 'd']	['ATP6V1B1']
[]	['A0A140VK65']	['a', 'catalytic']	['ATP6V1B1']
['ATP6V0C', 'ATP6C', 'ATP6L', 'ATPL']	['P27449', 'Q6FH26']	['1', 's']	[]
['ATP6V1C1', 'ATP6C', 'ATP6D', 'VATC']	['P21283']	['a', 'catalytic', 'd', 's']	['ATP6V1C2']
['ATP6V1C1', 'hCG_14602']	['A0A024R9I0']	['a', 'catalytic', 's']	['ATP6V1C2']
['ATP6V1E1', 'ATP6E', 'ATP6E2']	['P36543', 'A8MUE4', 'A8MUN4']	['ALDOC', 's', 'a', 'catalytic', 'd']	[]
['ATP6V1E1', 'hCG_21530']	['Q53Y06']	[]	[]
['PKLR', 'PK1', 'PKL']	['P30613', 'O75758', 'P11973']	['PKLR']	[]
['PKM', 'OIP3', 'PK2', 'PK3', 'PKM2']	['P14618', 'A6NFK3', 'B2R5N8', 'B3KRY0', 'B4DFX8', 'B4DUU6', 'P14786', 'Q53GK4', 'Q96E76', 'Q9BWB5', 'Q9UCV6', 'Q9UPF2']	['a', 's', 'PKM']	[]
[]	['V9HWB8']	[]	[]
['ATP6V0B', 'ATP6F']	['Q99437', 'D3DPY5', 'Q6IB32']	['s']	[]
['ATP6V0A1', 'ATP6N1', 'ATP6N1A', 'VPP1']	['Q93050', 'B7Z3B7', 'Q8N5G7', 'Q9NSX0']	['d', 's']	['ATP6V0A4']
[]	['Q53X12']	[]	['ATP6V0A4']
['ATP5PO', 'ATP5O', 'ATPO']	['P48047', 'B2R4E2', 'Q5U042', 'Q6IBI2']	['catalytic', '1', 's']	[]
['SLC38A2', 'ATA2', 'KIAA1382', 'SAT2', 'SNAT2']	['Q96QD8', 'Q6IA88', 'Q6ZMG2', 'Q9HAV3', 'Q9NVA8', 'Q9P2G5']	[]	[]
['SLC38A2', 'hCG_39510']	['A0A024R0W3']	[]	[]
[]	['Q9BXT6', 'A7E211', 'A8MXC6', 'B7WPP1', 'B7Z7R1', 'F5H403', 'Q5TGD5', 'Q8NBD4', 'Q9NXW3', 'Q9UFB3', 'Q9UGX9']	['s']	[]
['DHX29', 'DDX29']	['Q7Z478', 'O75549', 'Q63HN0', 'Q63HN3', 'Q8IWW2', 'Q8N3A1', 'Q9UMH2']	[]	[]
['DDX4', 'VASA']	['Q9NQI0', 'A8K8Q2', 'B3KSF4', 'D6RDK4', 'E9PCD8', 'Q5M7Z3', 'Q86VX0', 'Q9NT92', 'Q9NYB1']	['DDX4', 's']	[]
[]	['Q9Y6V7', 'E7ENA0', 'Q53FJ1', 'Q9BVQ8']	[]	[]
['ATRX', 'RAD54L', 'XH2']	['P46100', 'D3DTE2', 'P51068', 'Q15886', 'Q59FB5', 'Q59H31', 'Q5H9A2', 'Q5JWI4', 'Q7Z2J1', 'Q9H0Z1', 'Q9NTS3']	['ATRX', 'a', 's']	[]
[]	['B4DLW1']	[]	[]
[]	['A4LAA3']	[]	[]
['INO80', 'INO80A', 'INOC1', 'KIAA1259']	['Q9ULG1', 'A6H8X4', 'Q9NTG6']	['Q9Y265', 'Q9Y230', 'RUVBL2', 'RUVBL1', 's', 'INO80', 'alpha']	[]
['INOC1', 'hCG_38960']	['A0A024R9R7']	[]	[]
['PPA1', 'IOPPP', 'PP']	['Q15181', 'Q2M348', 'Q5SQT7', 'Q6P7P4', 'Q9UQJ5', 'Q9Y5B1']	[]	['PPA2']
['HEL-S-66p', 'PPA1', 'hCG_2024809']	['V9HWB5']	[]	['PPA2']
['PPAT', 'GPAT']	['Q06203']	[]	[]
['PPAT', 'hCG_2027246']	['A8K4H7']	[]	[]
[]	['Q59G63']	[]	[]
['SLC6A20', 'SIT1', 'XT3', 'XTRP3']	['Q9NP91', 'A1A4F2', 'O75590', 'Q8TF10', 'Q9NPQ2', 'Q9NQ77']	[]	[]
['ERCC6L', 'PICH']	['Q2NKX8', 'Q8NCI1', 'Q96H93', 'Q9NXQ8']	['3', '1', 's']	[]
[]	['Q8NE00', 'Q8TEU1', 'Q9NT56', 'Q9NXH1']	[]	[]
['TMEM104', 'hCG_29836']	['A0A024R8L3']	[]	[]
['SLC66A1', 'PQLC2']	['Q6ZP29', 'B3KWQ5', 'Q6ZMJ3', 'Q6ZP27', 'Q9NXC7']	[]	[]
['PQLC2', 'hCG_41084']	['A0A024RAE3']	[]	[]
[]	['Q96DW6', 'Q9NWX2']	[]	[]
['FLJ20551', 'SLC25A38', 'hCG_17021']	['A1LP07']	[]	[]
[]	['Q9NWU1']	[]	[]
['SLC38A4', 'ATA3', 'NAT3', 'SNAT4']	['Q969I6', 'A8K553']	[]	[]
['SLC38A4', 'hCG_27253']	['A0A024R0X7']	[]	[]
['SLC38A7', 'SNAT7']	['Q9NVC3', 'Q53GJ9', 'Q9H9I5']	[]	['SLC38A8']
['SLC47A1', 'MATE1']	['Q96FL8', 'Q53HF5', 'Q6PD77', 'Q86VL4', 'Q9NVA3']	[]	[]
['DDX19A', 'DDX19L']	['Q9NUU7', 'B2RPL0', 'B4DRZ7', 'Q53FM0']	[]	['DDX19B']
['SLC29A3', 'ENT3', 'UNQ717/PRO1380']	['Q9BZD2', 'B2RB50', 'B4E2Z9', 'B7ZA37', 'Q0VAM9', 'Q5T465', 'Q7RTT8', 'Q8IVZ0', 'Q9BWI2', 'Q9NUS9']	[]	['SLC29A2', 'SLC29A1']
['DDX43', 'HAGE']	['Q9NXZ2', 'B4E0C8', 'Q6NXR1']	[]	[]
[]	['Q8IY21', 'Q6PK35', 'Q9NVE3']	['s']	['DDX60L']
[]	['Q9H616']	[]	['DDX60L']
['DDX60', 'FLJ20035', 'hCG_1811383']	['A0A3G9HN97']	[]	['DDX60L']
[]	['Q9NXV7']	[]	['DDX60L']
[]	['Q6B0F7']	[]	['DDX60L']
['CHD7', 'KIAA1416']	['Q9P2D1', 'D0VBA5', 'E9PNZ2', 'Q05DI5', 'Q2TAN4', 'Q66K35', 'Q7Z6C0', 'Q7Z7Q2', 'Q9NXA0', 'Q9NXA3']	['CHD8', 's']	[]
[]	['Q6ZWF9']	[]	[]
['DDX27', 'cPERP-F', 'RHLP', 'HSPC259', 'PP3241']	['Q96GQ7', 'A0AVB6', 'B7ZLY1', 'Q5VXM7', 'Q8WYG4', 'Q969N7', 'Q96F57', 'Q96L97', 'Q9BWY9', 'Q9BXF0', 'Q9H990', 'Q9NWU3', 'Q9P0C2', 'Q9UGD6']	['s']	[]
[]	['B7Z6D5']	[]	[]
['DDX28', 'MDDX28']	['Q9NUL7']	['large']	[]
['TMEM165', 'TPARL']	['Q9HC07', 'A8K3P8', 'B4DHW1', 'Q9BTN9', 'Q9NZ34']	[]	[]
['SLC22A11', 'OAT4']	['Q9NSA0', 'A8K426', 'Q53GR2', 'Q6ZP72', 'Q8NBU4']	[]	[]
['SLC7A10', 'ASC1']	['Q9NS82', 'B2RE84']	[]	[]
[]	['P60891', 'B1ALA8', 'B2R6T7', 'B4DNL6', 'D3DUX6', 'P09329']	['3', 'a']	['PRPS2', 'PRPS1L1']
[]	['P11908', 'Q0VDH9', 'Q0VDI0', 'Q15245', 'Q2TAK7']	['3', 'a']	['PRPS1', 'PRPS1L1']
[]	['Q9NRF8', 'B3KWM2', 'Q9BRI0', 'Q9H809', 'Q9H8K9']	[]	['CTPS1']
['CTPS2', 'hCG_1640699']	['A0A024RC00']	[]	['CTPS1']
['PSEN1', 'AD3', 'PS1', 'PSNL1']	['P49768', 'B2R6D3', 'O95465', 'Q14762', 'Q15719', 'Q15720', 'Q96P33', 'Q9UIF0']	['APH1B', 'APH1A', '3', '1', 's', 'gamma', 'Q8WW43', 'a', 'PSEN1']	[]
['PSEN1', 'hCG_21521']	['A0A024R6A3']	['APH1B', 'APH1A']	[]
['TWNK', 'C10orf2', 'PEO1']	['Q96RR1', 'B2CQL2', 'Q6MZX2', 'Q6PJP5', 'Q96RR0']	['s']	[]
[]	['Q9H6V3']	[]	[]
[]	['E5KSY5']	[]	[]
['B2M', 'CDABP0092', 'HDCMA22P']	['P61769', 'P01884', 'Q540F8', 'Q6IAT8', 'Q9UCK0', 'Q9UD48', 'Q9UDF4']	['4', 'beta', 'f', '2', 'antigen', 'e', 's', 'a', 'alpha']	[]
['WRNIP1', 'WHIP']	['Q96S55', 'B2RDB0', 'Q53EP6', 'Q59ET8', 'Q5W0E2', 'Q5W0E4', 'Q8WV26', 'Q9H681', 'Q9NRJ6']	['s']	[]
['SMARCAD1', 'KIAA1122']	['Q9H4L7', 'B7Z799', 'Q05D56', 'Q96SX1', 'Q9H017', 'Q9H860', 'Q9NPU9', 'Q9ULU7']	['a', 's']	[]
['DHX33', 'DDX33']	['Q9H6R0', 'B4DHF9', 'Q4G149', 'Q5CZ73', 'Q9H5M9']	['DDX3X', 'large', 's']	[]
[]	['B4DIS6']	[]	[]
['NIT2', 'CUA002']	['Q9NQR4', 'B2R9A3', 'D3DN47', 'Q8WUF0']	[]	[]
[]	['V9HW91']	[]	[]
['PDXP', 'CIN', 'PLP', 'PLPP']	['Q96GD0', 'Q9UGY2']	[]	[]
['PDXP', 'hCG_41847']	['A0A024R1I3']	[]	[]
['SLC17A7', 'BNPI', 'VGLUT1']	['Q9P2U7', 'B4DFR9', 'B4DG46', 'Q6PCD0']	['s']	['SLC17A6', 'SLC17A8']
['SLC17A6', 'DNPI', 'VGLUT2']	['Q9P2U8', 'A6NKS2']	[]	['SLC17A7', 'SLC17A8']
[]	['Q9H310', 'A8K475', 'Q5SZW4', 'Q5SZW6', 'Q5SZW7', 'Q6P193', 'Q6YJI2', 'Q6YJI3']	['s']	['RHAG', 'RHCG']
[]	['P78330', 'B2RCR5', 'Q7Z3S5']	[]	[]
['PSPH', 'hCG_1811513']	['A0A024RDL3']	[]	[]
['DHX37', 'DDX37', 'KIAA1517']	['Q8IY37', 'Q9BUI7', 'Q9P211']	['s']	[]
['CHD8', 'HELSNF1', 'KIAA1564']	['Q9HCK8', 'Q4G0D8', 'Q68DQ0', 'Q6DKH9', 'Q6P440', 'Q6ZNL7', 'Q8N3Z9', 'Q8NCY4', 'Q8TBR9', 'Q96F26']	['AK6', 'CHD7', 's']	[]
['DDX55', 'KIAA1595']	['Q8NHQ9', 'Q658L6', 'Q8IYH0', 'Q9HCH7']	[]	[]
['DDX55', 'hCG_2033816']	['A0A024RBS0']	[]	[]
['FANCM', 'KIAA1596']	['Q8IYD8', 'B2RTQ9', 'Q3YFH9', 'Q8N9X6', 'Q9HCH6']	['3', 'FANCM', 's', 'a', 'alpha']	[]
['ABCD3', 'PMP70', 'PXMP1']	['P28288', 'D3DT46', 'Q15271', 'Q6NUN5', 'Q96DA3', 'Q9H529']	['s']	[]
['PRUNE1', 'PRUNE']	['Q86TP1', 'B2RCH8', 'B4DFL7', 'Q5SZF9', 'Q659E5', 'Q6P4E0', 'Q8N654', 'Q96JU5', 'Q9C071', 'Q9C072', 'Q9UIV0']	['beta', 'NME1', 's', 'alpha']	[]
['RECQL', 'RECQ1', 'RECQL1']	['P46063', 'A8K6G2']	['s']	[]
['RECQL', 'hCG_2009728']	['A0A024RAV2']	[]	[]
['RHAG', 'RH50']	['Q02094', 'B2R8T8', 'O43514', 'O43515', 'Q7L8L3', 'Q9H454']	[]	['RHBG', 'RHCG']
[]	['Q96E98']	[]	['RHBG', 'RHCG']
['RHCE', 'RHC', 'RHE']	['P18577', 'A7DW68', 'B7UDF3', 'B7UDF4', 'B7UDF5', 'B7UDF6', 'B7UDF7', 'B7UDF8', 'B7UDF9', 'B7UDG0', 'B7UDG1', 'B7UDG2', 'B7UDG3', 'Q02163', 'Q02164', 'Q02165', 'Q16160', 'Q2MJW0', 'Q2VC86', 'Q3LTM6', 'Q6AZX5', 'Q6J2U3', 'Q7RU06', 'Q8IZT2', 'Q8IZT3', 'Q8IZT4', 'Q8IZT5', 'Q9UD13', 'Q9UD14', 'Q9UD15', 'Q9UD16', 'Q9UD73', 'Q9UD74', 'Q9UEC2', 'Q9UEC3', 'Q9UPN0']	[]	['RHD']
[]	['A0A220QMN8']	[]	['RHD']
[]	['Q02161', 'Q02162', 'Q07618', 'Q16147', 'Q16235', 'Q16355', 'Q5VSK0', 'Q5XLS9', 'Q5XLT1', 'Q5XLT2', 'Q9NPK0', 'Q9UQ20', 'Q9UQ21', 'Q9UQ22', 'Q9UQ23']	[]	['RHCE']
[]	['Q7RU08']	[]	['RHCE']
[]	['B4DLT8']	[]	['RHCE']
[]	['Q1KT12']	[]	['RHCE']
['RHO', 'OPN2']	['P08100', 'Q16414', 'Q2M249']	['RHO', '2', 'a', 's']	[]
['DHX35', 'C20orf15', 'DDX35']	['Q9H5Z1', 'A2RTX3', 'B4E0J0', 'F5GXM6', 'Q5THR0', 'Q9H4H7', 'Q9H6T6']	[]	[]
['RPE', 'HUSSY-17']	['Q96AT9', 'A8K4S0', 'B4E016', 'C9JPQ7', 'O43767', 'Q53TV9', 'Q8N215', 'Q96N34', 'Q9BSB5']	[]	['RPEL1']
['SDC1', 'SDC']	['P18827', 'D6W523', 'Q53QV0', 'Q546D3', 'Q96HB7']	['s', 'SDC1']	[]
[]	['Q9GZT4', 'D3DTI5', 'Q6IA55']	[]	[]
[]	['Q3ZK31']	[]	[]
[]	['Q8N3F4']	[]	[]
['SLC17A9', 'C20orf59']	['Q9BYT1', 'B3KTF2', 'Q5W198', 'Q8TB07', 'Q8TBP4', 'Q8TEL5', 'Q9BYT0', 'Q9BYT2']	[]	[]
[]	['Q6PIW4', 'D3DVM6', 'Q86V18', 'Q8ND59', 'Q9H8P1', 'Q9H917']	['s']	[]
[]	['Q9H008', 'B3KP20', 'Q2TBE9', 'Q5VUV9', 'Q5VUW0']	[]	[]
['BLM', 'RECQ2', 'RECQL3']	['P54132', 'Q52M96']	['s', 'BLM']	[]
['IFIH1', 'MDA5', 'RH116']	['Q9BYX4', 'Q2NKL6', 'Q6DC96', 'Q86X56', 'Q96MX8', 'Q9H3G6']	['IFIH1', 's']	[]
[]	['P34896', 'B4DPM9', 'D3DXD0', 'Q96HY0', 'Q9UMD1', 'Q9UMD2']	[]	['SHMT2']
[]	['P34897', 'B7Z9F1', 'E7EQ19', 'E7EU43', 'O00740', 'Q8N1A5']	['s']	['SHMT1']
['HEL-S-51e', 'SHMT2', 'hCG_41231']	['V9HW06']	[]	['SHMT1']
[]	['Q5BJF5']	[]	['SHMT1']
[]	['Q9H8H2', 'Q5K6N2', 'Q5K6N3', 'Q5K6N4', 'Q5VZJ4', 'Q5VZJ9', 'Q96E91', 'Q96NY2', 'Q96SX5', 'Q9H5K6']	['s']	[]
[]	['Q9H6S0', 'B2RP66']	['s']	[]
['SLC13A3', 'NADC3', 'SDCT2']	['Q8WWT9', 'B4DIR8', 'E1P5U4', 'F6WI18', 'Q5JYC9', 'Q5JYD0', 'Q5JYD1', 'Q5TCQ2', 'Q8IVB1', 'Q8N8K4', 'Q96MM5', 'Q9BR25', 'Q9H1G1', 'Q9H3W4', 'Q9NQN5', 'Q9NS04']	[]	['SLC13A2', 'SLC13A5']
[]	['Q9BXS9', 'B4DMZ1', 'Q548A7', 'Q96Q90', 'Q9NQU1']	['4', 'CA2', 's', 'CFTR', 'SLC26A6']	[]
[]	['Q9Y3Y1']	[]	[]
['SLC1A1', 'EAAC1', 'EAAT3']	['P43005', 'O75587', 'Q5VZ24', 'Q8N199', 'Q9UEW2']	['SLC1A1', 's']	[]
['SLC1A2', 'EAAT2', 'GLT1']	['P43004', 'B4DQE9', 'Q14417', 'Q541G6', 'U3KQQ4']	['3', '1', 's']	[]
['SLC1A3', 'EAAT1', 'GLAST', 'GLAST1']	['P43003', 'B2R5T3', 'Q4JCQ8']	['2', 's']	[]
[]	['Q8N169']	[]	[]
['SLC1A3', 'hCG_36855']	['A0A024R050']	[]	[]
['SLC1A4', 'ASCT1', 'SATT']	['P43007', 'B7Z3C0', 'D6W5F0']	[]	[]
['SLC1A5', 'ASCT2', 'M7V1', 'RDR', 'RDRC']	['Q15758', 'A8K9H5', 'B4DR77', 'B4DWS4', 'B7ZB81', 'D0EYG6', 'E9PC01', 'O95720', 'Q96RL9', 'Q9BWQ3', 'Q9UNP2']	['1', 's']	[]
[]	['Q59ES3']	[]	[]
['SLC1A6', 'EAAT4']	['P48664', 'Q8N753']	[]	[]
[]	['B7Z7Q5']	[]	[]
['SLC1A7', 'EAAT5']	['O00341', 'Q5VVZ0', 'Q969Z8', 'Q9BW45']	['s']	[]
[]	['F1T0D3']	[]	[]
['SLC2A1', 'GLUT1']	['P11166', 'A8K9S6', 'B2R620', 'D3DPX0', 'O75535', 'Q0P512', 'Q147X2']	['2', 'SLC2A1', '1', 's']	[]
[]	['Q59GX2']	[]	[]
['SLC2A2', 'GLUT2']	['P11168', 'A8K481', 'B2R936', 'B7Z547', 'F8W8V8', 'Q9UCW9']	[]	[]
['SLC2A3', 'GLUT3']	['P11169', 'B2R606', 'D3DUU6', 'Q6I9U2', 'Q9UG15']	[]	[]
['SLC2A4', 'GLUT4']	['P14672', 'Q05BQ3', 'Q14CX2']	['SLC2A4', 's']	[]
['SLC3A2', 'MDU1']	['P08195', 'Q13543']	['3', 'beta', '4', '2', '1', 's', 'SLC7A5', 'SLC3A2', 'light', 'a', 'alpha']	[]
['SLC5A2', 'SGLT2']	['P31639', 'A2RRD2']	[]	[]
['SLC5A4', 'SAAT1', 'SGLT3']	['Q9NY91', 'O15279']	[]	[]
['SLC6A7', 'PROT']	['Q99884', 'Q0VG81', 'Q52LU6']	[]	[]
[]	['P48067', 'A6NDH1', 'A6NII2', 'A6NNZ8', 'Q5TAB8', 'Q5TAB9', 'Q5TAC0']	[]	['SLC6A5']
[]	['P48065', 'A0AV52', 'B2R992', 'D3DUN8']	['s']	[]
['SLC7A1', 'ATRC1', 'ERR', 'REC1L']	['P30825', 'Q5JR50']	['s']	[]
['SLC7A1', 'hCG_27802']	['A0A024RDQ9']	[]	[]
['SLC7A2', 'ATRC2', 'CAT2']	['P52569', 'B7ZL54', 'O15291', 'O15292', 'Q14CQ6', 'Q6NSZ7', 'Q86TC6']	[]	[]
['NME2', 'NM23B']	['P22392', 'A8MWA3', 'Q1WM23', 'Q6LCT6']	['a', 's']	['NME4', 'NME3', 'NME1', 'NME7', 'NME6']
['SLC9A1', 'APNH1', 'NHE1']	['P19634', 'B1ALD6', 'D3DPL4', 'Q96EM2']	['a', 's']	[]
[]	['B2RAH2']	[]	[]
['SLC9A3', 'NHE3']	['P48764', 'B7ZKR2', 'E9PF67', 'Q3MIW3']	['s', 'SLC9A3']	[]
['SLC11A1', 'LSH', 'NRAMP', 'NRAMP1']	['P49279', 'C0H5Y3']	[]	[]
['SLC14A1', 'HUT11', 'JK', 'RACH1', 'UT1', 'UTE']	['Q13336', 'A8K0P3', 'B3KR62', 'B3KVX3', 'C9EHF2', 'Q86VM5']	['a']	['SLC14A2']
['SLC14A1 JK', 'SLC14A1', 'hCG_22551']	['G0W2N5']	[]	['SLC14A2']
['SLC15A1', 'PEPT1']	['P46059', 'Q5VW82']	['s']	[]
[]	['B2CQT6']	['s']	[]
['SLC15A2', 'PEPT2']	['Q16348', 'A8K1A5', 'B4E2A7']	['s']	[]
['SLC16A1', 'MCT1']	['P53985', 'Q49A45', 'Q5T8R6', 'Q9NSJ9']	['2', 'SLC16A1', 's']	[]
['SLC16A1', 'hCG_37455']	['A0A024R0H1']	[]	[]
[]	['B4DKS0']	[]	[]
['SLC34A1', 'NPT2', 'SLC17A2']	['Q06495', 'B4DPE3']	['s']	['SLC34A3', 'SLC34A2']
['SLC34A1', 'hCG_41577']	['A0A024R7R9']	[]	['SLC34A3', 'SLC34A2']
[]	['Q7Z725']	[]	['SLC34A3', 'SLC34A2']
[]	['Q86VN6']	[]	['SLC34A3', 'SLC34A2']
['SLC19A1', 'FLOT1', 'RFC1']	['P41440', 'B2R7U8', 'B7Z8C3', 'E9PFY4', 'O00553', 'O60227', 'Q13026', 'Q9BTX8']	[]	[]
['SLC20A2', 'GLVR2', 'PIT2']	['Q08357']	[]	[]
[]	['A0A384MR38']	[]	[]
['SLC25A1', 'SLC20A3']	['P53007', 'A8K8E8', 'Q9BSK6']	[]	[]
['SLC22A2', 'OCT2']	['O15244', 'Q5T7Q6', 'Q6PIQ8', 'Q8NG62', 'Q9NQB9']	[]	[]
[]	['O00631', 'Q6ICV3']	['s']	[]
[]	['A0A158RFT9']	[]	[]
[]	['P00441', 'A6NHJ0', 'D3DSE4', 'Q16669', 'Q16711', 'Q16838', 'Q16839', 'Q16840', 'Q6NR85']	['SOD1']	[]
[]	['V9HWC9']	[]	[]
[]	['P04179', 'B2R7R1', 'B3KUK2', 'B4DL20', 'B4E3K9', 'E1P5A9', 'P78434', 'Q16792', 'Q5TCM1', 'Q96EE6', 'Q9P2Z3']	[]	[]
[]	['A0A384NL29']	[]	[]
[]	['P07738', 'A4D1N9']	[]	[]
['BPGM', 'hCG_20346']	['A0A024R782']	[]	[]
[]	['P02808', 'A6NKE9', 'B2R4F8']	[]	[]
['SUPV3L1', 'SUV3']	['Q8IYB8', 'A8K301', 'O43630']	['3', '2', 'BLM', 'WRN', 's', 'a']	[]
[]	['Q10589', 'A8K4Y4', 'Q53G07']	['s']	[]
['BST2', 'CD317', 'hCG_37652']	['A0A024R7H5']	[]	[]
['TALDO1', 'TAL', 'TALDO', 'TALDOR']	['P37837', 'B2R8M2', 'O00751', 'Q8WV32', 'Q8WZ45']	[]	[]
[]	['A0A140VK56']	[]	[]
['TAP1', 'ABCB2', 'PSF1', 'RING4', 'Y3']	['Q03518', 'Q16149', 'Q96CP4']	['TAP2', 'TAPBP', 's', 'HLA-A', 'a']	[]
[]	['A0A0S2Z5A6']	[]	[]
[]	['X5CKB3']	[]	[]
['TAP2', 'ABCB3', 'PSF2', 'RING11', 'Y1']	['Q03519', 'B0V2J8', 'O95410', 'Q53FI6', 'Q5HY71', 'Q96PT8', 'Q9UQ83']	['TAPBP', 'TAP1', 'a', 's']	[]
['TAP2', 'hCG_2001583']	['Q5JNW1']	[]	[]
['TAPBP', 'NGS17', 'TAPA']	['O15533', 'A2AB91', 'A2ABC0', 'B0V003', 'B0V0A6', 'B2ZUA4', 'E9PGM2', 'O15210', 'O15272', 'Q5STJ8', 'Q5STK6', 'Q5STQ5', 'Q5STQ6', 'Q66K65', 'Q96KK7', 'Q9HAN8', 'Q9UEE0', 'Q9UEE4', 'Q9UIZ6', 'Q9Y6K2']	['TAPBP', '1', 's']	[]
['TAPBP', 'hCG_17519']	['A0A024RCT1']	[]	[]
[]	['P29401', 'A8K089', 'B4DE31', 'E7EPA7', 'Q8TBA3', 'Q96HH3']	[]	['TKTL2', 'TKTL1']
['HEL107', 'TKT', 'hCG_16023']	['V9HWD9', 'A0A024R2Z9']	[]	['TKTL2', 'TKTL1']
['TPI1', 'TPI']	['P60174', 'B7Z5D8', 'D3DUS9', 'P00938', 'Q6FHP9', 'Q6IS07', 'Q8WWD0', 'Q96AG5']	[]	[]
[]	['Q53HE2']	[]	[]
[]	['V9HWK1']	[]	[]
[]	['P59665', 'P11479', 'Q14125', 'Q6EZF6']	['s']	['DEFA1']
[]	['Q2QD12']	[]	['RPE']
['TYMS', 'TS', 'OK/SW-cl.29']	['P04818', 'Q8WYK3', 'Q8WYK4']	[]	[]
['TYMS', 'hCG_1994842']	['Q53Y97']	[]	[]
['UCP1', 'SLC25A7', 'UCP']	['P25874', 'Q13218', 'Q4KMZ3', 'Q68G66']	['s']	[]
['UCP2', 'SLC25A8']	['P55851', 'Q4PJH8', 'Q53HM3']	['a']	['UCP3']
['UCP2', 'hCG_27329']	['A0A024R5N5']	[]	['UCP3']
['UCP3', 'SLC25A9']	['P55916', 'O60475', 'Q96HL3']	[]	['UCP2']
['UCP3', 'hCG_1818188']	['A0A0S2Z4G5']	[]	['UCP2']
['UMPS', 'OK/SW-cl.21']	['P11172', 'B5LY68', 'B5LY72', 'O00758', 'O00759', 'O00760', 'Q16862', 'Q9H3Q2', 'Q9UG49']	[]	[]
['UMPS', 'hCG_1780791']	['A8K5J1']	[]	[]
[]	['P55072', 'B2R5T8', 'Q0V924', 'Q2TAI5', 'Q969G7', 'Q9UCD5']	['a', 's', 'VCP']	[]
['HEL-S-70', 'HEL-220']	['V9HW80']	[]	[]
['WRN', 'RECQ3', 'RECQL2']	['Q14191', 'A1KYY9']	['4', 'SUPV3L1', 's', 'WRNIP1']	[]
['XK', 'XKR1', 'XRG1']	['P51811', 'Q4TTN6', 'Q8IUK6', 'Q9UC77']	[]	[]
[]	['P00915']	[]	['CA9', 'CA7', 'CA6', 'CA5A', 'CA3', 'CA13', 'CA5B']
['HEL-S-11', 'CA1', 'hCG_20883']	['V9HWE3']	[]	['CA9', 'CA7', 'CA6', 'CA5A', 'CA3', 'CA13', 'CA5B']
[]	['P00918', 'B2R7G8', 'Q6FI12', 'Q96ET9']	['4', 'SLC26A6', 's']	[]
[]	['V9HW21']	[]	[]
[]	['P07451', 'B2R867', 'B3KUC8', 'O60842']	[]	['CA9', 'CA7', 'CA6', 'CA5A', 'CA1', 'CA13', 'CA5B']
[]	['V9HWA3']	[]	['CA9', 'CA7', 'CA6', 'CA5A', 'CA1', 'CA13', 'CA5B']
[]	['P22748', 'B4DQA4', 'Q6FHI7']	['s']	[]
['CA5A', 'CA5']	['P35218', 'B2RPF2']	[]	['CA9', 'CA7', 'CA6', 'CA3', 'CA1', 'CA13', 'CA5B']
[]	['P23280', 'E7EMQ1', 'Q5FBW3', 'Q5FC00', 'Q96QX8', 'Q9UF03']	[]	['CA9', 'CA7', 'CA5A', 'CA3', 'CA1', 'CA13', 'CA5B']
[]	['B4DUH8']	[]	['CA9', 'CA7', 'CA5A', 'CA3', 'CA1', 'CA13', 'CA5B']
[]	['P43166', 'Q541F0', 'Q86YU0']	[]	['CA9', 'CA6', 'CA5A', 'CA3', 'CA1', 'CA13', 'CA5B']
['CA9', 'G250', 'MN']	['Q16790', 'Q5T4R1']	['s']	['CA7', 'CA6', 'CA5A', 'CA3', 'CA1', 'CA13', 'CA5B']
[]	['A0A0S2Z3D0']	[]	['CA7', 'CA6', 'CA5A', 'CA3', 'CA1', 'CA13', 'CA5B']
[]	['P27708', 'D6W552', 'Q6P0Q0', 'Q96CK3']	['s']	[]
[]	['Q8TDD1', 'Q86YT8', 'Q9BRZ1']	['a', 's']	[]
['SLC25A23', 'APC2', 'MCSC2', 'SCAMC3']	['Q9BV35', 'B4DGB6', 'Q4LBC2', 'Q705K3', 'Q86Y43', 'Q8N2N4', 'Q96NQ4']	['s']	['SLC25A24', 'SLC25A25']
['DHX58', 'D11LGP2E', 'LGP2']	['Q96C10', 'Q9HAM6']	['2', 's']	[]
['LGP2', 'hCG_15679']	['A0A024R1Y5']	[]	[]
['DDX39B', 'BAT1', 'UAP56']	['Q13838', 'B0S8C0', 'O43496', 'Q0EFA1', 'Q2L6F9', 'Q53GL9', 'Q5RJ64', 'Q5RJ66', 'Q5ST94', 'Q5STB4', 'Q5STB5', 'Q5STB7', 'Q5STB8', 'Q5STU4', 'Q5STU5', 'Q5STU6', 'Q5STU8', 'Q71V76']	['a', 's']	[]
[]	['A0A024RCM3']	[]	[]
['DHX40', 'DDX40', 'ARG147']	['Q8IX18', 'B3KTJ5', 'C9JR60', 'Q5JPH4', 'Q8TC86', 'Q8WY53', 'Q9BXM1', 'Q9H6M9']	[]	[]
['SLC25A22', 'GC1']	['Q9H936', 'A8K366', 'C9J1H6', 'E9PJD3', 'E9PKB2', 'E9PL68', 'E9PN26', 'E9PNQ3', 'E9PP01', 'E9PR97', 'Q8TBU8']	[]	['SLC25A18']
['PAAT', 'C10orf88']	['Q9H8K7', 'Q0P6C6', 'Q8N597']	['s']	[]
['PIF1', 'C15orf20']	['Q9H611', 'B2RPL7', 'Q1W5B6', 'Q330H5', 'Q33E24']	['s']	[]
['ASRGL1', 'ALP', 'CRASH']	['Q7L266', 'B2R7Q0', 'Q567Q4', 'Q6P1P0', 'Q8NI34', 'Q9H6F7']	['beta', 'alpha']	[]
['ASRGL1', 'hCG_1731264']	['A0A024R573']	[]	[]
[]	['Q2TB90', 'B5MDN9', 'Q2TB91', 'Q5VTC7', 'Q7Z373', 'Q8WU37', 'Q96EH2', 'Q9H5Y9']	[]	['HK3', 'HK2', 'HK1']
[]	['B3KT70']	[]	['HK3', 'HK2', 'HK1']
['CHD9', 'KIAA0308', 'KISH2', 'PRIC320', 'AD-013', 'x0008']	['Q3L8U1', 'B2RTU2', 'B9ZVQ0', 'O15025', 'Q1WF12', 'Q6DTK9', 'Q9H9V7', 'Q9UHM2']	['s']	[]
['SLC25A16', 'GDA']	['P16260', 'Q8N2U1']	[]	[]
['SLC2A10', 'GLUT10']	['O95528', 'A8K4J6', 'Q3MIX5', 'Q9H4I6']	[]	[]
['SLC25A32', 'MFT', 'MFTC']	['Q9H2D1', 'A0A024R9D0', 'Q96JZ6', 'Q96SU7']	[]	[]
['SLC7A5', 'CD98LC', 'LAT1', 'MPE16']	['Q01650', 'Q8IV97', 'Q9UBN8', 'Q9UP15', 'Q9UQC0']	['SLC3A2', 's', 'SLC7A5']	[]
['SLC38A1', 'ATA1', 'NAT2', 'SAT1', 'SNAT1']	['Q9H2H9', 'Q8NC61', 'Q8NCF8', 'Q96JX2', 'Q9H2Q2']	[]	[]
['SLC38A1', 'hCG_39512']	['A0A024R124']	[]	[]
['CLPB', 'HSP78', 'SKD3']	['Q9H078', 'B4DXJ7', 'B4DXP7', 'B4DXW4', 'E7EWN6', 'F8W7P6', 'Q8ND11', 'Q9H8Y0']	['s']	[]
['CLPB', 'hCG_24098']	['A0A140VK11']	[]	[]
['ACSBG2', 'BGR', 'UNQ2443/PRO5005']	['Q5FVE4', 'B3KSF2', 'Q6UWJ3', 'Q7Z5A0', 'Q8WW03', 'Q96M36', 'Q9BYZ3', 'Q9H0C4']	[]	['ACSBG1']
[]	['A0A140VJD4']	[]	['ACSBG1']
['SLC14A2', 'HUT2', 'UT2']	['Q15849', 'A8K8Q7', 'Q2TBD6', 'Q96PH5']	['s']	['SLC14A1']
['TKTL1', 'TKR', 'TKT2']	['P51854', 'A8K896', 'Q5TYJ8', 'Q5TYJ9', 'Q8TC75']	[]	['TKTL2', 'TKT']
['SLC25A31', 'AAC4', 'ANT4', 'SFEC']	['Q9H0C2']	[]	['SLC25A5', 'SLC25A4']
['APH1B', 'PSFL', 'UNQ688/PRO1328']	['Q8WW43', 'A8K589', 'Q564N3', 'Q6UWQ1', 'Q9H0S0']	['APH1B', 'gamma', 's', 'a', 'PSEN1']	['APH1A']
['DDX59', 'ZNHIT5']	['Q5T1V6', 'Q6PJL2', 'Q8IVW3', 'Q9H0W3']	['s']	[]
['SLC25A18', 'GC2']	['Q9H1K4']	[]	['SLC25A22']
['SLC25A18', 'hCG_21534']	['A0A024R0W0']	[]	['SLC25A22']
['SLC25A2', 'ORNT2']	['Q9BXI2', 'Q496C1', 'Q6XUI0', 'Q8NFZ2']	[]	['SLC25A15']
['SLC4A11', 'BTR1']	['Q8NBS3', 'B4DKC8', 'B4DKX9', 'G3V1M3', 'Q2TB62', 'Q2TB63', 'Q9BXF4', 'Q9NTW9']	[]	[]
['BRIP1', 'BACH1', 'FANCJ']	['Q9BX63', 'A0A024QZ45', 'Q3MJE2', 'Q8NCI5']	['BRIP1', 's']	[]
['SLC25A11', 'SLC20A4']	['Q02978', 'F5GY65', 'O75537', 'Q969P7']	[]	[]
['SLC25A11', 'hCG_32694']	['Q6IBH0']	[]	[]
[]	['Q9H0I9', 'A4FVB4', 'Q8NCT0', 'Q96M82']	[]	['TKTL1', 'TKT']
['TKTL2', 'hCG_1645659']	['A0A140VKC2']	[]	['TKTL1', 'TKT']
['CHD6', 'CHD5', 'KIAA1335', 'RIGB']	['Q8TD26', 'Q5JYQ0', 'Q5TGZ9', 'Q5TH00', 'Q5TH01', 'Q8IZR2', 'Q8WTY0', 'Q9H4H6', 'Q9H6D4', 'Q9NTT7', 'Q9P2L1']	['s']	[]
['HVCN1', 'VSOP', 'UNQ578/PRO1140']	['Q96D96', 'A8MQ37', 'B4DEB3', 'F8WCH5', 'Q6UW11', 'Q96IS5']	[]	[]
['RAD54L', 'RAD54A']	['Q92698', 'Q5TE31', 'Q6IUY3']	['s']	[]
[]	['A8K996']	[]	[]
['DHX16', 'DBP2', 'DDX16', 'KIAA0577', 'PRP2']	['O60231', 'O60322', 'Q5JP45', 'Q969X7', 'Q96QC1']	['catalytic', 's']	[]
['DBP2', 'DHX16', 'hCG_26008']	['Q5SQH4']	[]	[]
['MCM8', 'C20orf154']	['Q9UJA3', 'B2RBG7', 'D3DW08', 'E7EQU7', 'Q495R4', 'Q495R6', 'Q495R7', 'Q86US4', 'Q969I5']	['MCM9', 'a', 's']	[]
['SLC9A7', 'NHE7']	['Q96T83', 'O75827', 'Q5JXP9']	['s']	['SLC9A6']
['SLC9A7', 'hCG_17724']	['A0A024R176']	[]	['SLC9A6']
['COX4I2', 'COX4L2']	['Q96KJ9', 'Q6GTF4', 'Q9H0Z4']	['3', '2', 'COX5B', 'MT-CO3', 'COX5A', 'a', 'MT-CO2', 'COX7A2', 'COX6A2', 'COX7A1', 'COX8A', 'COX4I2', '1', 'COX4I1', 'COX7C', 's', 'MT-CO1', 'catalytic', 'COX6B2']	['COX4I1']
['COX4I2', 'hCG_37391']	['H6SG14']	[]	['COX4I1']
['SLC7A3', 'ATRC3', 'CAT3']	['Q8WY07', 'D3DVU7', 'Q5JQR2', 'Q8N185', 'Q8NCA7', 'Q96SZ7']	[]	[]
['FBH1', 'FBX18', 'FBXO18']	['Q8NFZ0', 'Q5JVB0', 'Q5JVB1', 'Q7Z4Q6', 'Q7Z4R0', 'Q8N1P5', 'Q8N586', 'Q96E82', 'Q96K67', 'Q96SW7', 'Q9UFB2']	['f', 's']	[]
['ATAD1', 'FNP001']	['Q8NBU5', 'D3DR26', 'Q6DKG1', 'Q6P4B9', 'Q8N3G1', 'Q8WYR9', 'Q969Y3']	['s']	[]
['SLC22A16', 'OCT6']	['Q86VW1', 'O14567', 'Q5JXM1', 'Q8IUG8', 'Q8IZD5', 'Q96M90', 'Q96RU0']	[]	[]
[]	['A0A0K0K1K9']	[]	[]
['SLC25A12', 'ARALAR1']	['O75746', 'B3KR64', 'Q96AM8']	[]	['SLC25A13']
['RUVBL1', 'INO80H', 'NMP238', 'TIP49', 'TIP49A']	['Q9Y265', 'B2R5S0', 'P82276', 'Q1KMR0', 'Q53HK5', 'Q53HL7', 'Q53Y27', 'Q9BSX9']	['Q9Y230', 'RUVBL2', 'RUVBL1', 's', 'gamma', 'a', 'catalytic', 'INO80', 'alpha']	[]
[]	['A0A384MTR5']	[]	[]
['KCNK5', 'TASK2']	['O95279', 'B2RAQ6', 'B5TJL2', 'Q5VV76']	[]	[]
['KCNK5', 'hCG_32352']	['A0A024RD32']	[]	[]
['DDX3Y', 'DBY']	['O15523', 'B4DK29', 'B4DXX7', 'Q8IYV7']	[]	[]
['DDX3Y', 'hCG_14649']	['A0A024R9A4']	[]	[]
[]	['O00757', 'Q17R39', 'Q6FI53']	['f', '2', 's', 'alpha']	['FBP1']
[]	['Q96I99', 'C9JVT2', 'O95195', 'Q6NUH7', 'Q86VX8', 'Q8WUQ1']	['a', 'alpha']	[]
[]	['P53597', 'Q9BWB0', 'Q9UNP6']	['beta', 'a', 's']	[]
['NAV2', 'HELAD1', 'KIAA1419', 'POMFIL2', 'RAINB1', 'STEERIN2']	['Q8IVL1', 'A6NEC1', 'Q8IVK3', 'Q8IVK4', 'Q8IVK5', 'Q8IVK6', 'Q8IVK7', 'Q8IVK8', 'Q8NHC9', 'Q8NHD0', 'Q8TDE9', 'Q8TDF0', 'Q8TEB3', 'Q96B30', 'Q9NUZ6', 'Q9NVM7', 'Q9P2C8']	[]	[]
[]	['A7E2D6']	[]	[]
['SLC25A21', 'ODC']	['Q9BQT8', 'A8K0L0', 'G3V4L5', 'Q3MJ99']	[]	[]
['ATP6V0E1', 'ATP6H', 'ATP6V0E']	['O15342', 'B2R557', 'D3DQM1', 'Q6IBE8']	[]	[]
['SLC25A14', 'BMCP1', 'UCP5', 'UNQ791/PRO1682']	['O95258', 'D3DTG2', 'Q0VDH7', 'Q9HC60', 'Q9HC61']	[]	['SLC25A30']
[]	['Q9UM01', 'B2RAU0', 'D3DS26', 'O95984', 'Q53XC1', 'Q86U07', 'Q9P2V5']	[]	[]
[]	['A0A0S2Z502']	[]	[]
['SLC7A6', 'KIAA0245']	['Q92536', 'Q68DS4', 'Q7L1N3']	[]	[]
['SLC7A6', 'hCG_28101']	['A0A024R719']	[]	[]
['SLC13A2', 'NADC1', 'SDCT1']	['Q13183', 'B2RBI9', 'B4DPL1', 'E7ETH5', 'Q4VAR7']	[]	['SLC13A3', 'SLC13A5']
[]	['Q6P158', 'A2RRC7', 'Q53SI4', 'Q6P9G1', 'Q7Z6H3', 'Q8NG17', 'Q96M33']	[]	[]
['ATP6V0D1', 'ATP6D', 'VPATPD']	['P61421', 'P12953', 'Q02547']	['a', 'catalytic', 's']	[]
['SLC16A6', 'MCT6', 'MCT7']	['O15403', 'Q6P1X3']	[]	[]
['SLC16A6', 'hCG_27295']	['A0A024R8J3']	[]	[]
['SLC16A5', 'MCT5', 'MCT6']	['O15375', 'B4E288']	[]	[]
['SLC16A4', 'MCT4', 'MCT5']	['O15374', 'A8K3V5', 'B2R9C9', 'B4DJ67', 'B4DPX7', 'E7EPY8', 'G3V175', 'Q5T612', 'Q8WU09']	[]	[]
['SLC16A3', 'MCT4']	['O15427', 'B3KXG8', 'Q2M1P8']	[]	[]
['SLC16A3', 'hCG_18805']	['A0A024R8U1']	[]	[]
[]	['Q5H9U9', 'Q96ND6']	[]	['DDX60']
['SLC6A5', 'GLYT2', 'NET1']	['Q9Y345', 'O95288', 'Q4VAM7', 'Q9BX77']	[]	['SLC6A9']
[]	['Q4VAM6']	[]	['SLC6A9']
[]	['Q4VAM4']	[]	['SLC6A9']
['TDRD12', 'ECAT8']	['Q587J7']	['a']	[]
[]	['Q9BXS1']	[]	['IDI1']
['MFSD4B', 'KIAA1919', 'NAGLT1', 'HSPC100']	['Q5TF39', 'A8K9M0', 'Q8IYB6', 'Q96PW9', 'Q9P0D6']	[]	[]
[]	['B3KSA1']	[]	[]
[]	['Q9NR30', 'B2RDL0', 'Q13436', 'Q5VX41', 'Q68D35']	['DDX21', 'DHX36', 'DDX1', 's']	[]
['SLC16A7', 'MCT2']	['O60669', 'Q8NEM3', 'Q9UPB3']	['2', 's']	[]
['SLC16A7', 'hCG_39108']	['A0A024RBB2']	[]	[]
['SLC38A5', 'JM24', 'SN2', 'SNAT5', 'PP7194']	['Q8WUX1', 'B3KT20', 'B5MDE6', 'B7WPJ9', 'Q6PIW9', 'Q8WYU2', 'Q96PQ4']	[]	[]
['SLC38A5', 'hCG_19841']	['A0A024QYY0']	[]	[]
[]	['Q8NG08', 'A8K4C9', 'Q4G0T2', 'Q9H7L5']	['alpha', 'HELB', 's']	[]
['ATP6V1F', 'ATP6S14', 'VATF']	['Q16864', 'C9J2K4', 'Q6IBA8']	['a', 'catalytic', 'd', 's']	[]
['ATP6V1F', 'hCG_41657', 'tcag7.419']	['A4D1K0']	['a', 'catalytic', 's']	[]
[]	['P20674', 'P30045', 'Q8TB65']	['COX5B', 'P00395', 'P15954', 's', 'P10606', 'catalytic', 'P00403', '3', '2', 'MT-CO3', '1', 'MT-CO1', 'P14406', 'MT-CO2', 'COX8A', 'P13073', 'COX4I1', 'P10176', 'P00414', 'COX5A', 'COX7A2', 'COX7C', 'a']	[]
['SLC22A13', 'OCTL1', 'ORCTL3']	['Q9Y226', 'B2RCV9', 'Q8IYG1']	[]	[]
['RECQL5', 'RECQ5']	['O94762', 'Q6P4G0', 'Q9H0B1', 'Q9P1W7', 'Q9UNC8']	['FBXO18', 'beta', 's']	[]
['RECQL5', 'hCG_1989322']	['A0A024R8M9']	['FBXO18']	[]
[]	['Q8WYH5']	[]	[]
['RECQL4', 'RECQ4']	['O94761', 'A0A087WZ30', 'Q3Y424', 'Q96DW2', 'Q96F55']	['RECQL4', 's']	[]
[]	['Q9H9B4', 'B3KPW3', 'D3DQN2', 'Q9HA53']	[]	[]
[]	['Q9BUQ8', 'B2R600', 'B4DH15', 'O43188']	['a', 's']	[]
[]	['B3KY11']	[]	[]
['DDX23', 'hCG_26528']	['A0A024R0Z3']	[]	[]
['ABCG2', 'ABCP', 'BCRP', 'BCRP1', 'MXR']	['Q9UNQ0', 'A0A1W3', 'A8K1T5', 'O95374', 'Q4W5I3', 'Q53ZQ1', 'Q569L4', 'Q5YLG4', 'Q86V64', 'Q8IX16', 'Q96LD6', 'Q96TA8', 'Q9BY73', 'Q9NUS0']	['a']	[]
['ABCG2', 'hCG_37696']	['A1LUE4']	[]	[]
[]	['O95749', 'A8MVQ8', 'Q5T2C8', 'Q6NW19']	[]	[]
['GGPS1', 'hCG_19067']	['A0A024R3R2']	[]	[]
['CD36', 'GP3B', 'GP4']	['P16671', 'D9IX66', 'D9IX67', 'D9IX68', 'D9IX69', 'Q13966', 'Q16093', 'Q8TCV7', 'Q9BPZ8', 'Q9BQC2', 'Q9BZM8', 'Q9BZN3', 'Q9BZN4', 'Q9BZN5']	['s']	[]
['CD36', 'hCG_17062', 'tcag7.257']	['A4D1B1']	[]	[]
['SLC25A27', 'UCP4', 'UNQ772/PRO1566']	['O95847', 'F5GWR4', 'Q5VTS9', 'Q8N518']	[]	[]
['VPS4B', 'SKD1', 'VPS42', 'MIG1']	['O75351', 'Q69HW4', 'Q9GZS7']	['VPS4B', 'Q9UN37', 's', 'a', 'VPS4A']	['VPS4A']
['VPS4B', 'hCG_34094']	['A0A024R2C5']	[]	['VPS4A']
['ENTPD1', 'CD39']	['P49961', 'A9Z1X8', 'B4DWB9', 'B4E1X1', 'B7Z599', 'G3XAF6', 'Q5T561', 'Q5T562', 'Q86VV3', 'Q9UQQ9', 'Q9Y3Q9']	[]	[]
['ENTPD2', 'CD39L1']	['Q9Y5L3', 'O15464', 'Q5SPY6', 'Q5SPY7']	[]	[]
['ATP6V1G1', 'ATP6G', 'ATP6G1', 'ATP6J']	['O75348', 'Q6IB33']	['a', 'catalytic', 'd', 's']	['ATP6V1G3']
['ATP6V1G1', 'hCG_29854']	['A0A024R883']	['a', 'catalytic', 's']	['ATP6V1G3']
['ATP5MF', 'ATP5J2', 'ATP5JL']	['P56134', 'C9J8H9', 'F8W7V3', 'O76079', 'Q6IBB3', 'Q96L83', 'Q9BTI8']	['catalytic', '1', 's']	[]
['CHD1L', 'ALC1']	['Q86WJ1', 'A5YM64', 'B4DDE1', 'B5MDZ7', 'Q53EZ3', 'Q5VXX7', 'Q6DD94', 'Q6PK83', 'Q86XH3', 'Q96HF7', 'Q96SP3', 'Q9BVJ1', 'Q9NVV8']	['s']	[]
['H6PD', 'GDH']	['O95479', 'Q4TT33', 'Q66I35', 'Q68DT3', 'R4GMU1']	[]	[]
['CD74', 'DHLAG']	['P04233', 'A8K7R1', 'B4DNE8', 'D3DQG3', 'D3DQG4', 'Q14597', 'Q29832', 'Q5U0J8', 'Q8SNA0', 'Q8WLP6']	['HLA-DQB1', 's']	[]
['EIF4A3', 'DDX48', 'KIAA0111']	['P38919', 'Q15033', 'Q6IBQ2', 'Q96A18']	['EIF4A3', 's']	[]
['DDX48', 'hCG_28565']	['A0A024R8W0']	[]	[]
